token,path,class_guess,count
300,scripts/Eedi_human_difficulty_analysis.py,code,2
850,scripts/Eedi_human_difficulty_analysis.py,code,1
300,scripts/RACE_analyze_views_with_datamap.py,code,4
300,scripts/RACE_prepare_and_designer_stats.py,code,1
5000,scripts/RACE_train_bert_models_trainer.py,code,2
300,scripts/RACE_train_bert_models_trainer.py,code,1
1800,scripts/revision/e0_build_integrated_table.py,code,1
5000,scripts/revision/e10_expand_machine_students.py,code,1
1200,scripts/revision/e10_expand_machine_students.py,code,1
1800,scripts/revision/e11_paper1_llm_vs_human_items.py,code,2
400,scripts/revision/e11_paper1_llm_vs_human_items.py,code,2
300,scripts/revision/e1_mc_smoke.py,code,1
300,scripts/revision/e1_raw_full_smoke.py,code,1
300,scripts/revision/e1_smoke_learn.py,code,1
400,scripts/revision/e1_smoke_learn.py,code,2
400,scripts/revision/e1_smoke_trainer_fix.py,code,2
5000,scripts/revision/e1_train_custom.py,code,1
5000,scripts/revision/e1_train_mc.py,code,1
5000,scripts/revision/e3_human_machine_bridge.py,code,1
300,scripts/revision/e8_run_ollama_pilot.py,code,1
5000,scripts/revision/monitor_and_drive.py,code,1
5000,scripts/revision/watch_e1_then_rebuild.py,code,1
1800,scripts/revision/zero_idle_orchestrator.py,code,1
400,scripts/revision/_patch_manuscript_full.py,code,1
62.3,scripts/revision/_patch_manuscript_full.py,code,3
75.1,scripts/revision/_patch_manuscript_full.py,code,3
78.5,scripts/revision/_patch_manuscript_full.py,code,3
88.2,scripts/revision/_patch_manuscript_full.py,code,3
400,scripts/revision/_smoke_gpt_ak.py,code,1
1640,revision/artifacts/eedi_attempt_distribution_raw.csv,artifact_or_table,1
1300,revision/artifacts/eedi_attempt_distribution_raw.csv,artifact_or_table,1
750,revision/artifacts/eedi_attempt_distribution_raw.csv,artifact_or_table,9
1150,revision/artifacts/eedi_attempt_distribution_raw.csv,artifact_or_table,3
780,revision/artifacts/eedi_attempt_distribution_raw.csv,artifact_or_table,15
300,revision/artifacts/eedi_attempt_distribution_raw.csv,artifact_or_table,19
270,revision/artifacts/eedi_attempt_distribution_raw.csv,artifact_or_table,17
520,revision/artifacts/eedi_attempt_distribution_raw.csv,artifact_or_table,20
450,revision/artifacts/eedi_attempt_distribution_raw.csv,artifact_or_table,15
400,revision/artifacts/eedi_attempt_distribution_raw.csv,artifact_or_table,13
850,revision/artifacts/eedi_attempt_distribution_raw.csv,artifact_or_table,9
2050,revision/artifacts/eedi_attempt_distribution_raw.csv,artifact_or_table,3
3360,revision/artifacts/eedi_difficulty_min30_main.csv,artifact_or_table,2
1640,revision/artifacts/eedi_difficulty_min30_main.csv,artifact_or_table,1
1800,revision/artifacts/eedi_difficulty_min30_main.csv,artifact_or_table,2
1300,revision/artifacts/eedi_difficulty_min30_main.csv,artifact_or_table,4
750,revision/artifacts/eedi_difficulty_min30_main.csv,artifact_or_table,23
1150,revision/artifacts/eedi_difficulty_min30_main.csv,artifact_or_table,4
780,revision/artifacts/eedi_difficulty_min30_main.csv,artifact_or_table,30
300,revision/artifacts/eedi_difficulty_min30_main.csv,artifact_or_table,35
270,revision/artifacts/eedi_difficulty_min30_main.csv,artifact_or_table,31
520,revision/artifacts/eedi_difficulty_min30_main.csv,artifact_or_table,29
450,revision/artifacts/eedi_difficulty_min30_main.csv,artifact_or_table,28
400,revision/artifacts/eedi_difficulty_min30_main.csv,artifact_or_table,26
850,revision/artifacts/eedi_difficulty_min30_main.csv,artifact_or_table,17
1200,revision/artifacts/eedi_difficulty_min30_main.csv,artifact_or_table,1
2050,revision/artifacts/eedi_difficulty_min30_main.csv,artifact_or_table,5
3360,revision/artifacts/eedi_irt_b_proxy.csv,artifact_or_table,3
1640,revision/artifacts/eedi_irt_b_proxy.csv,artifact_or_table,1
1800,revision/artifacts/eedi_irt_b_proxy.csv,artifact_or_table,2
1300,revision/artifacts/eedi_irt_b_proxy.csv,artifact_or_table,7
750,revision/artifacts/eedi_irt_b_proxy.csv,artifact_or_table,34
1150,revision/artifacts/eedi_irt_b_proxy.csv,artifact_or_table,3
780,revision/artifacts/eedi_irt_b_proxy.csv,artifact_or_table,41
300,revision/artifacts/eedi_irt_b_proxy.csv,artifact_or_table,47
270,revision/artifacts/eedi_irt_b_proxy.csv,artifact_or_table,42
520,revision/artifacts/eedi_irt_b_proxy.csv,artifact_or_table,50
450,revision/artifacts/eedi_irt_b_proxy.csv,artifact_or_table,38
400,revision/artifacts/eedi_irt_b_proxy.csv,artifact_or_table,36
850,revision/artifacts/eedi_irt_b_proxy.csv,artifact_or_table,32
1200,revision/artifacts/eedi_irt_b_proxy.csv,artifact_or_table,2
2050,revision/artifacts/eedi_irt_b_proxy.csv,artifact_or_table,4
1640,revision/artifacts/llm_vote_val.csv,artifact_or_table,6
750,revision/artifacts/llm_vote_val.csv,artifact_or_table,10
1150,revision/artifacts/llm_vote_val.csv,artifact_or_table,7
780,revision/artifacts/llm_vote_val.csv,artifact_or_table,20
300,revision/artifacts/llm_vote_val.csv,artifact_or_table,15
270,revision/artifacts/llm_vote_val.csv,artifact_or_table,8
520,revision/artifacts/llm_vote_val.csv,artifact_or_table,25
450,revision/artifacts/llm_vote_val.csv,artifact_or_table,16
400,revision/artifacts/llm_vote_val.csv,artifact_or_table,13
850,revision/artifacts/llm_vote_val.csv,artifact_or_table,8
1200,revision/artifacts/llm_vote_val.csv,artifact_or_table,3
2050,revision/artifacts/llm_vote_val.csv,artifact_or_table,4
1640,revision/artifacts/val_token_lengths.csv,artifact_or_table,6
750,revision/artifacts/val_token_lengths.csv,artifact_or_table,11
1150,revision/artifacts/val_token_lengths.csv,artifact_or_table,7
780,revision/artifacts/val_token_lengths.csv,artifact_or_table,20
300,revision/artifacts/val_token_lengths.csv,artifact_or_table,21
270,revision/artifacts/val_token_lengths.csv,artifact_or_table,13
520,revision/artifacts/val_token_lengths.csv,artifact_or_table,43
450,revision/artifacts/val_token_lengths.csv,artifact_or_table,38
400,revision/artifacts/val_token_lengths.csv,artifact_or_table,25
850,revision/artifacts/val_token_lengths.csv,artifact_or_table,8
1200,revision/artifacts/val_token_lengths.csv,artifact_or_table,3
2050,revision/artifacts/val_token_lengths.csv,artifact_or_table,4
780,revision/audit/e6_arm_key_HIDDEN.csv,artifact_or_table,1
450,revision/audit/e6_arm_key_HIDDEN.csv,artifact_or_table,1
780,revision/audit/e6_blind_items_for_raters.csv,artifact_or_table,1
450,revision/audit/e6_blind_items_for_raters.csv,artifact_or_table,1
850,revision/audit/e6_blind_items_for_raters.csv,artifact_or_table,1
780,revision/audit/e6_ratings.csv,artifact_or_table,2
450,revision/audit/e6_ratings.csv,artifact_or_table,2
780,revision/audit/e6_ratings_R1.csv,artifact_or_table,1
450,revision/audit/e6_ratings_R1.csv,artifact_or_table,1
780,revision/audit/e6_ratings_R2.csv,artifact_or_table,1
450,revision/audit/e6_ratings_R2.csv,artifact_or_table,1
780,revision/audit/e6_ratings_TEMPLATE.csv,artifact_or_table,1
450,revision/audit/e6_ratings_TEMPLATE.csv,artifact_or_table,1
5000,revision/bridge/bridge_eedi_items_with_human_labels.csv,artifact_or_table,4
3360,revision/bridge/bridge_eedi_items_with_human_labels.csv,artifact_or_table,42
1640,revision/bridge/bridge_eedi_items_with_human_labels.csv,artifact_or_table,55
1800,revision/bridge/bridge_eedi_items_with_human_labels.csv,artifact_or_table,48
1300,revision/bridge/bridge_eedi_items_with_human_labels.csv,artifact_or_table,82
750,revision/bridge/bridge_eedi_items_with_human_labels.csv,artifact_or_table,377
1150,revision/bridge/bridge_eedi_items_with_human_labels.csv,artifact_or_table,80
1530,revision/bridge/bridge_eedi_items_with_human_labels.csv,artifact_or_table,71
780,revision/bridge/bridge_eedi_items_with_human_labels.csv,artifact_or_table,689
300,revision/bridge/bridge_eedi_items_with_human_labels.csv,artifact_or_table,601
270,revision/bridge/bridge_eedi_items_with_human_labels.csv,artifact_or_table,822
520,revision/bridge/bridge_eedi_items_with_human_labels.csv,artifact_or_table,555
450,revision/bridge/bridge_eedi_items_with_human_labels.csv,artifact_or_table,837
400,revision/bridge/bridge_eedi_items_with_human_labels.csv,artifact_or_table,408
850,revision/bridge/bridge_eedi_items_with_human_labels.csv,artifact_or_table,618
1200,revision/bridge/bridge_eedi_items_with_human_labels.csv,artifact_or_table,28
2050,revision/bridge/bridge_eedi_items_with_human_labels.csv,artifact_or_table,41
780,revision/bridge/bridge_race_human_rates.csv,artifact_or_table,3
270,revision/bridge/bridge_race_human_rates.csv,artifact_or_table,1
520,revision/bridge/bridge_race_human_rates.csv,artifact_or_table,4
450,revision/bridge/bridge_race_human_rates.csv,artifact_or_table,2
5000,revision/bridge/bridge_race_items.csv,artifact_or_table,1
1800,revision/bridge/bridge_race_items.csv,artifact_or_table,1
780,revision/bridge/bridge_race_items.csv,artifact_or_table,3
300,revision/bridge/bridge_race_items.csv,artifact_or_table,7
270,revision/bridge/bridge_race_items.csv,artifact_or_table,1
520,revision/bridge/bridge_race_items.csv,artifact_or_table,5
450,revision/bridge/bridge_race_items.csv,artifact_or_table,2
400,revision/bridge/bridge_race_items.csv,artifact_or_table,3
2050,revision/bridge/bridge_race_items.csv,artifact_or_table,2
780,revision/bridge/bridge_race_responses.csv,artifact_or_table,90
270,revision/bridge/bridge_race_responses.csv,artifact_or_table,30
520,revision/bridge/bridge_race_responses.csv,artifact_or_table,120
450,revision/bridge/bridge_race_responses.csv,artifact_or_table,60
1640,revision/efficacy/e7_true_difficulty_proxy.csv,artifact_or_table,6
750,revision/efficacy/e7_true_difficulty_proxy.csv,artifact_or_table,10
1150,revision/efficacy/e7_true_difficulty_proxy.csv,artifact_or_table,7
780,revision/efficacy/e7_true_difficulty_proxy.csv,artifact_or_table,20
300,revision/efficacy/e7_true_difficulty_proxy.csv,artifact_or_table,15
270,revision/efficacy/e7_true_difficulty_proxy.csv,artifact_or_table,8
520,revision/efficacy/e7_true_difficulty_proxy.csv,artifact_or_table,25
450,revision/efficacy/e7_true_difficulty_proxy.csv,artifact_or_table,16
400,revision/efficacy/e7_true_difficulty_proxy.csv,artifact_or_table,13
850,revision/efficacy/e7_true_difficulty_proxy.csv,artifact_or_table,8
1200,revision/efficacy/e7_true_difficulty_proxy.csv,artifact_or_table,3
2050,revision/efficacy/e7_true_difficulty_proxy.csv,artifact_or_table,4
750,revision/manuscript/decision_letter_raw.txt,documentation,2
780,revision/manuscript/decision_letter_raw.txt,documentation,1
300,revision/manuscript/decision_letter_raw.txt,documentation,2
270,revision/manuscript/decision_letter_raw.txt,documentation,1
520,revision/manuscript/decision_letter_raw.txt,documentation,1
450,revision/manuscript/decision_letter_raw.txt,documentation,1
400,revision/manuscript/decision_letter_raw.txt,documentation,1
850,revision/manuscript/decision_letter_raw.txt,documentation,2
62.3,revision/manuscript/decision_letter_raw.txt,documentation,2
75.1,revision/manuscript/decision_letter_raw.txt,documentation,2
78.5,revision/manuscript/decision_letter_raw.txt,documentation,1
88.2,revision/manuscript/decision_letter_raw.txt,documentation,1
78.5,revision/manuscript/Response_to_Reviewers.md,documentation,1
780,revision/open_ended/e8_demo_scores_SIMULATED.csv,artifact_or_table,2
520,revision/open_ended/e8_demo_scores_SIMULATED.csv,artifact_or_table,2
780,revision/open_ended/e8_dual_grader_merged.csv,artifact_or_table,2
520,revision/open_ended/e8_dual_grader_merged.csv,artifact_or_table,2
780,revision/open_ended/e8_human_scores_TEMPLATE.csv,artifact_or_table,2
520,revision/open_ended/e8_human_scores_TEMPLATE.csv,artifact_or_table,2
780,revision/open_ended/e8_ollama_scores.csv,artifact_or_table,2
300,revision/open_ended/e8_ollama_scores.csv,artifact_or_table,1
520,revision/open_ended/e8_ollama_scores.csv,artifact_or_table,2
780,revision/open_ended/e8_open_ended_pilot_items.csv,artifact_or_table,2
300,revision/open_ended/e8_open_ended_pilot_items.csv,artifact_or_table,2
520,revision/open_ended/e8_open_ended_pilot_items.csv,artifact_or_table,2
400,revision/open_ended/e8_open_ended_pilot_items.csv,artifact_or_table,1
2050,revision/open_ended/e8_open_ended_pilot_items.csv,artifact_or_table,2
780,revision/open_ended/e8_second_grader_scores.csv,artifact_or_table,2
520,revision/open_ended/e8_second_grader_scores.csv,artifact_or_table,2
400,revision/protocols/e4d_no_consensus_qualitative_sample.csv,artifact_or_table,1
1200,revision/tables/table_e10_before_after_power.csv,artifact_or_table,1
1200,revision/tables/table_e10_machine_panel_summary.csv,artifact_or_table,1
1200,revision/tables/table_e10_powered_dif_summary.csv,artifact_or_table,1
780,revision/tables/table_e11_paper1_1pl_alignment.csv,artifact_or_table,1
520,revision/tables/table_e11_paper1_1pl_alignment.csv,artifact_or_table,2
850,revision/tables/table_e11_paper1_2pl_robustness.csv,artifact_or_table,1
270,revision/tables/table_e11_paper1_by_band.csv,artifact_or_table,1
520,revision/tables/table_e11_paper1_by_band.csv,artifact_or_table,1
450,revision/tables/table_e1c_length_truncation_by_band.csv,artifact_or_table,1
780,revision/tables/table_e4a_agreement_kappa.csv,artifact_or_table,1
400,revision/tables/table_e4a_agreement_kappa.csv,artifact_or_table,1
750,revision/tables/table_e4b_cartography_sensitivity.csv,artifact_or_table,1
780,revision/tables/table_e4b_cartography_sensitivity.csv,artifact_or_table,1
450,revision/tables/table_e4b_cartography_sensitivity.csv,artifact_or_table,1
270,revision/tables/table_e4c_grade_band_inversion.csv,artifact_or_table,1
300,revision/tables/table_e5_min_attempts_sweep.csv,artifact_or_table,1
780,revision/tables/table_e5_threshold_sensitivity.csv,artifact_or_table,1
300,revision/tables/table_e5_threshold_sensitivity.csv,artifact_or_table,1
2050,revision/tables/table_e5_threshold_sensitivity.csv,artifact_or_table,24
300,revision/tables/table_e7a_offline_policy_metrics.csv,artifact_or_table,1
270,revision/tables/table_e7a_offline_policy_metrics.csv,artifact_or_table,1
750,revision/tables/table_e9_e0_1pl_alignment_test.csv,artifact_or_table,2
300,revision/tables/table_e9_e0_1pl_alignment_test.csv,artifact_or_table,2
520,revision/tables/table_e9_e0_1pl_alignment_test.csv,artifact_or_table,1
400,revision/tables/table_e9_e0_1pl_alignment_test.csv,artifact_or_table,1
300,revision/tables/table_e9_e0_1pl_b_by_designer.csv,artifact_or_table,1
400,revision/tables/table_e9_e0_1pl_b_by_designer.csv,artifact_or_table,1
270,revision/tables/table_e9_e1_lr_tests_eedi.csv,artifact_or_table,1
750,revision/tables/table_e9_e2_2pl_robustness.csv,artifact_or_table,1
300,revision/tables/table_e9_e3_linking.csv,artifact_or_table,1
750,revision/tables/table_e9_e5_3pl_sensitivity.csv,artifact_or_table,1
400,revision/tables/table_region_medians.csv,artifact_or_table,2
3360,revision/artifacts/irt/bridge_b_1pl_vs_3pl.csv,artifact_or_table,1
1640,revision/artifacts/irt/bridge_b_1pl_vs_3pl.csv,artifact_or_table,1
1300,revision/artifacts/irt/bridge_b_1pl_vs_3pl.csv,artifact_or_table,1
750,revision/artifacts/irt/bridge_b_1pl_vs_3pl.csv,artifact_or_table,27
780,revision/artifacts/irt/bridge_b_1pl_vs_3pl.csv,artifact_or_table,9
300,revision/artifacts/irt/bridge_b_1pl_vs_3pl.csv,artifact_or_table,14
270,revision/artifacts/irt/bridge_b_1pl_vs_3pl.csv,artifact_or_table,13
520,revision/artifacts/irt/bridge_b_1pl_vs_3pl.csv,artifact_or_table,9
450,revision/artifacts/irt/bridge_b_1pl_vs_3pl.csv,artifact_or_table,13
400,revision/artifacts/irt/bridge_b_1pl_vs_3pl.csv,artifact_or_table,3
850,revision/artifacts/irt/bridge_b_1pl_vs_3pl.csv,artifact_or_table,80
1200,revision/artifacts/irt/bridge_b_1pl_vs_3pl.csv,artifact_or_table,1
5000,revision/artifacts/irt/bridge_item_params_1pl2pl3pl.csv,artifact_or_table,38
3360,revision/artifacts/irt/bridge_item_params_1pl2pl3pl.csv,artifact_or_table,1
1640,revision/artifacts/irt/bridge_item_params_1pl2pl3pl.csv,artifact_or_table,1
1300,revision/artifacts/irt/bridge_item_params_1pl2pl3pl.csv,artifact_or_table,2
750,revision/artifacts/irt/bridge_item_params_1pl2pl3pl.csv,artifact_or_table,30
1150,revision/artifacts/irt/bridge_item_params_1pl2pl3pl.csv,artifact_or_table,2
1530,revision/artifacts/irt/bridge_item_params_1pl2pl3pl.csv,artifact_or_table,1
780,revision/artifacts/irt/bridge_item_params_1pl2pl3pl.csv,artifact_or_table,27
300,revision/artifacts/irt/bridge_item_params_1pl2pl3pl.csv,artifact_or_table,21
270,revision/artifacts/irt/bridge_item_params_1pl2pl3pl.csv,artifact_or_table,20
520,revision/artifacts/irt/bridge_item_params_1pl2pl3pl.csv,artifact_or_table,19
450,revision/artifacts/irt/bridge_item_params_1pl2pl3pl.csv,artifact_or_table,48
400,revision/artifacts/irt/bridge_item_params_1pl2pl3pl.csv,artifact_or_table,12
850,revision/artifacts/irt/bridge_item_params_1pl2pl3pl.csv,artifact_or_table,85
1200,revision/artifacts/irt/bridge_item_params_1pl2pl3pl.csv,artifact_or_table,1
2050,revision/artifacts/irt/bridge_item_params_1pl2pl3pl.csv,artifact_or_table,1
5000,revision/artifacts/irt/e10_linked_difficulties.csv,artifact_or_table,2
3360,revision/artifacts/irt/e10_linked_difficulties.csv,artifact_or_table,2
1640,revision/artifacts/irt/e10_linked_difficulties.csv,artifact_or_table,1
1300,revision/artifacts/irt/e10_linked_difficulties.csv,artifact_or_table,7
750,revision/artifacts/irt/e10_linked_difficulties.csv,artifact_or_table,28
1530,revision/artifacts/irt/e10_linked_difficulties.csv,artifact_or_table,1
780,revision/artifacts/irt/e10_linked_difficulties.csv,artifact_or_table,9
300,revision/artifacts/irt/e10_linked_difficulties.csv,artifact_or_table,29
270,revision/artifacts/irt/e10_linked_difficulties.csv,artifact_or_table,10
520,revision/artifacts/irt/e10_linked_difficulties.csv,artifact_or_table,22
450,revision/artifacts/irt/e10_linked_difficulties.csv,artifact_or_table,17
400,revision/artifacts/irt/e10_linked_difficulties.csv,artifact_or_table,6
850,revision/artifacts/irt/e10_linked_difficulties.csv,artifact_or_table,18
1200,revision/artifacts/irt/e10_linked_difficulties.csv,artifact_or_table,1
5000,revision/artifacts/irt/e10_mh_dif.csv,artifact_or_table,3
3360,revision/artifacts/irt/e10_mh_dif.csv,artifact_or_table,1
1640,revision/artifacts/irt/e10_mh_dif.csv,artifact_or_table,2
750,revision/artifacts/irt/e10_mh_dif.csv,artifact_or_table,5
780,revision/artifacts/irt/e10_mh_dif.csv,artifact_or_table,9
300,revision/artifacts/irt/e10_mh_dif.csv,artifact_or_table,4
270,revision/artifacts/irt/e10_mh_dif.csv,artifact_or_table,8
520,revision/artifacts/irt/e10_mh_dif.csv,artifact_or_table,12
450,revision/artifacts/irt/e10_mh_dif.csv,artifact_or_table,10
400,revision/artifacts/irt/e10_mh_dif.csv,artifact_or_table,9
850,revision/artifacts/irt/e10_mh_dif.csv,artifact_or_table,11
300,revision/artifacts/irt/E10_POWERED_DIF_REPORT.md,documentation,1
1200,revision/artifacts/irt/E10_POWERED_DIF_REPORT.md,documentation,1
3360,revision/artifacts/irt/e10_residual_dif.csv,artifact_or_table,1
1800,revision/artifacts/irt/e10_residual_dif.csv,artifact_or_table,1
750,revision/artifacts/irt/e10_residual_dif.csv,artifact_or_table,47
1150,revision/artifacts/irt/e10_residual_dif.csv,artifact_or_table,2
1530,revision/artifacts/irt/e10_residual_dif.csv,artifact_or_table,1
780,revision/artifacts/irt/e10_residual_dif.csv,artifact_or_table,11
300,revision/artifacts/irt/e10_residual_dif.csv,artifact_or_table,39
270,revision/artifacts/irt/e10_residual_dif.csv,artifact_or_table,12
520,revision/artifacts/irt/e10_residual_dif.csv,artifact_or_table,32
450,revision/artifacts/irt/e10_residual_dif.csv,artifact_or_table,33
400,revision/artifacts/irt/e10_residual_dif.csv,artifact_or_table,6
850,revision/artifacts/irt/e10_residual_dif.csv,artifact_or_table,2
1200,revision/artifacts/irt/e10_residual_dif.csv,artifact_or_table,1
780,revision/artifacts/irt/e11_human_anchors.csv,artifact_or_table,2
270,revision/artifacts/irt/e11_human_anchors.csv,artifact_or_table,1
520,revision/artifacts/irt/e11_human_anchors.csv,artifact_or_table,2
400,revision/artifacts/irt/e11_human_anchors.csv,artifact_or_table,1
1300,revision/artifacts/irt/e11_joint_item_params.csv,artifact_or_table,1
750,revision/artifacts/irt/e11_joint_item_params.csv,artifact_or_table,4
1150,revision/artifacts/irt/e11_joint_item_params.csv,artifact_or_table,1
780,revision/artifacts/irt/e11_joint_item_params.csv,artifact_or_table,10
300,revision/artifacts/irt/e11_joint_item_params.csv,artifact_or_table,7
270,revision/artifacts/irt/e11_joint_item_params.csv,artifact_or_table,6
520,revision/artifacts/irt/e11_joint_item_params.csv,artifact_or_table,11
450,revision/artifacts/irt/e11_joint_item_params.csv,artifact_or_table,6
400,revision/artifacts/irt/e11_joint_item_params.csv,artifact_or_table,8
850,revision/artifacts/irt/e11_joint_item_params.csv,artifact_or_table,5
1200,revision/artifacts/irt/e11_joint_item_params.csv,artifact_or_table,2
2050,revision/artifacts/irt/e11_joint_item_params.csv,artifact_or_table,1
1800,revision/artifacts/irt/e11_llm_items.csv,artifact_or_table,4
300,revision/artifacts/irt/e11_llm_items.csv,artifact_or_table,3
450,revision/artifacts/irt/e11_llm_items.csv,artifact_or_table,2
400,revision/artifacts/irt/e11_llm_items.csv,artifact_or_table,4
750,revision/artifacts/irt/e11_llm_item_responses_all.csv,artifact_or_table,80
300,revision/artifacts/irt/e11_llm_item_responses_all.csv,artifact_or_table,240
520,revision/artifacts/irt/e11_llm_item_responses_all.csv,artifact_or_table,80
450,revision/artifacts/irt/e11_llm_item_responses_all.csv,artifact_or_table,160
2050,revision/artifacts/irt/e11_llm_item_responses_all.csv,artifact_or_table,80
300,revision/artifacts/irt/e11_llm_item_responses_encoder_sims.csv,artifact_or_table,120
450,revision/artifacts/irt/e11_llm_item_responses_encoder_sims.csv,artifact_or_table,120
750,revision/artifacts/irt/e11_llm_item_responses_llm_sims.csv,artifact_or_table,80
300,revision/artifacts/irt/e11_llm_item_responses_llm_sims.csv,artifact_or_table,120
520,revision/artifacts/irt/e11_llm_item_responses_llm_sims.csv,artifact_or_table,80
450,revision/artifacts/irt/e11_llm_item_responses_llm_sims.csv,artifact_or_table,40
2050,revision/artifacts/irt/e11_llm_item_responses_llm_sims.csv,artifact_or_table,80
1640,revision/artifacts/irt/e11_logits_allenai_longformer-base-4096.csv,artifact_or_table,1
1300,revision/artifacts/irt/e11_logits_allenai_longformer-base-4096.csv,artifact_or_table,1
750,revision/artifacts/irt/e11_logits_allenai_longformer-base-4096.csv,artifact_or_table,8
780,revision/artifacts/irt/e11_logits_allenai_longformer-base-4096.csv,artifact_or_table,2
300,revision/artifacts/irt/e11_logits_allenai_longformer-base-4096.csv,artifact_or_table,6
270,revision/artifacts/irt/e11_logits_allenai_longformer-base-4096.csv,artifact_or_table,2
520,revision/artifacts/irt/e11_logits_allenai_longformer-base-4096.csv,artifact_or_table,3
450,revision/artifacts/irt/e11_logits_allenai_longformer-base-4096.csv,artifact_or_table,1
400,revision/artifacts/irt/e11_logits_allenai_longformer-base-4096.csv,artifact_or_table,3
850,revision/artifacts/irt/e11_logits_allenai_longformer-base-4096.csv,artifact_or_table,3
1200,revision/artifacts/irt/e11_logits_allenai_longformer-base-4096.csv,artifact_or_table,1
2050,revision/artifacts/irt/e11_logits_allenai_longformer-base-4096.csv,artifact_or_table,2
5000,revision/artifacts/irt/e11_logits_bert-base-uncased.csv,artifact_or_table,1
3360,revision/artifacts/irt/e11_logits_bert-base-uncased.csv,artifact_or_table,2
1640,revision/artifacts/irt/e11_logits_bert-base-uncased.csv,artifact_or_table,2
750,revision/artifacts/irt/e11_logits_bert-base-uncased.csv,artifact_or_table,4
780,revision/artifacts/irt/e11_logits_bert-base-uncased.csv,artifact_or_table,2
300,revision/artifacts/irt/e11_logits_bert-base-uncased.csv,artifact_or_table,4
270,revision/artifacts/irt/e11_logits_bert-base-uncased.csv,artifact_or_table,7
520,revision/artifacts/irt/e11_logits_bert-base-uncased.csv,artifact_or_table,4
450,revision/artifacts/irt/e11_logits_bert-base-uncased.csv,artifact_or_table,7
400,revision/artifacts/irt/e11_logits_bert-base-uncased.csv,artifact_or_table,6
2050,revision/artifacts/irt/e11_logits_bert-base-uncased.csv,artifact_or_table,1
270,revision/artifacts/irt/E11_PAPER1_REPORT.md,documentation,1
750,revision/artifacts/irt/e3_linked_difficulties.csv,artifact_or_table,23
780,revision/artifacts/irt/e3_linked_difficulties.csv,artifact_or_table,24
300,revision/artifacts/irt/e3_linked_difficulties.csv,artifact_or_table,9
270,revision/artifacts/irt/e3_linked_difficulties.csv,artifact_or_table,17
520,revision/artifacts/irt/e3_linked_difficulties.csv,artifact_or_table,4
450,revision/artifacts/irt/e3_linked_difficulties.csv,artifact_or_table,21
850,revision/artifacts/irt/e3_linked_difficulties.csv,artifact_or_table,16
5000,revision/artifacts/irt/e4_or_proxy_dif.csv,artifact_or_table,22
750,revision/artifacts/irt/e4_or_proxy_dif.csv,artifact_or_table,41
780,revision/artifacts/irt/e4_or_proxy_dif.csv,artifact_or_table,3
300,revision/artifacts/irt/e4_or_proxy_dif.csv,artifact_or_table,11
270,revision/artifacts/irt/e4_or_proxy_dif.csv,artifact_or_table,16
520,revision/artifacts/irt/e4_or_proxy_dif.csv,artifact_or_table,13
450,revision/artifacts/irt/e4_or_proxy_dif.csv,artifact_or_table,11
400,revision/artifacts/irt/e4_or_proxy_dif.csv,artifact_or_table,5
850,revision/artifacts/irt/e4_or_proxy_dif.csv,artifact_or_table,15
750,revision/artifacts/irt/e4_residual_dif.csv,artifact_or_table,77
780,revision/artifacts/irt/e4_residual_dif.csv,artifact_or_table,7
300,revision/artifacts/irt/e4_residual_dif.csv,artifact_or_table,10
270,revision/artifacts/irt/e4_residual_dif.csv,artifact_or_table,1
520,revision/artifacts/irt/e4_residual_dif.csv,artifact_or_table,21
450,revision/artifacts/irt/e4_residual_dif.csv,artifact_or_table,9
400,revision/artifacts/irt/e4_residual_dif.csv,artifact_or_table,1
850,revision/artifacts/irt/e4_residual_dif.csv,artifact_or_table,25
5000,revision/artifacts/irt/eedi_item_params_1pl2pl3pl.csv,artifact_or_table,1
1300,revision/artifacts/irt/eedi_item_params_1pl2pl3pl.csv,artifact_or_table,1
750,revision/artifacts/irt/eedi_item_params_1pl2pl3pl.csv,artifact_or_table,5
1150,revision/artifacts/irt/eedi_item_params_1pl2pl3pl.csv,artifact_or_table,1
780,revision/artifacts/irt/eedi_item_params_1pl2pl3pl.csv,artifact_or_table,4
300,revision/artifacts/irt/eedi_item_params_1pl2pl3pl.csv,artifact_or_table,4
270,revision/artifacts/irt/eedi_item_params_1pl2pl3pl.csv,artifact_or_table,3
520,revision/artifacts/irt/eedi_item_params_1pl2pl3pl.csv,artifact_or_table,2
450,revision/artifacts/irt/eedi_item_params_1pl2pl3pl.csv,artifact_or_table,5
400,revision/artifacts/irt/eedi_item_params_1pl2pl3pl.csv,artifact_or_table,67
850,revision/artifacts/irt/eedi_item_params_1pl2pl3pl.csv,artifact_or_table,4
1200,revision/artifacts/irt/eedi_item_params_1pl2pl3pl.csv,artifact_or_table,1
750,revision/artifacts/irt/llm_deepseek_panel_cache.csv,artifact_or_table,320
780,revision/artifacts/irt/llm_deepseek_panel_cache.csv,artifact_or_table,120
300,revision/artifacts/irt/llm_deepseek_panel_cache.csv,artifact_or_table,320
270,revision/artifacts/irt/llm_deepseek_panel_cache.csv,artifact_or_table,40
520,revision/artifacts/irt/llm_deepseek_panel_cache.csv,artifact_or_table,480
450,revision/artifacts/irt/llm_deepseek_panel_cache.csv,artifact_or_table,80
2050,revision/artifacts/irt/llm_deepseek_panel_cache.csv,artifact_or_table,320
1640,revision/artifacts/irt/logits_allenai_longformer-base-4096.csv,artifact_or_table,6
1800,revision/artifacts/irt/logits_allenai_longformer-base-4096.csv,artifact_or_table,1
1300,revision/artifacts/irt/logits_allenai_longformer-base-4096.csv,artifact_or_table,2
750,revision/artifacts/irt/logits_allenai_longformer-base-4096.csv,artifact_or_table,15
1530,revision/artifacts/irt/logits_allenai_longformer-base-4096.csv,artifact_or_table,4
780,revision/artifacts/irt/logits_allenai_longformer-base-4096.csv,artifact_or_table,14
300,revision/artifacts/irt/logits_allenai_longformer-base-4096.csv,artifact_or_table,22
270,revision/artifacts/irt/logits_allenai_longformer-base-4096.csv,artifact_or_table,14
520,revision/artifacts/irt/logits_allenai_longformer-base-4096.csv,artifact_or_table,19
450,revision/artifacts/irt/logits_allenai_longformer-base-4096.csv,artifact_or_table,12
400,revision/artifacts/irt/logits_allenai_longformer-base-4096.csv,artifact_or_table,15
850,revision/artifacts/irt/logits_allenai_longformer-base-4096.csv,artifact_or_table,15
1200,revision/artifacts/irt/logits_allenai_longformer-base-4096.csv,artifact_or_table,1
2050,revision/artifacts/irt/logits_allenai_longformer-base-4096.csv,artifact_or_table,5
5000,revision/artifacts/irt/logits_bert-base-uncased.csv,artifact_or_table,2
3360,revision/artifacts/irt/logits_bert-base-uncased.csv,artifact_or_table,2
1640,revision/artifacts/irt/logits_bert-base-uncased.csv,artifact_or_table,4
1300,revision/artifacts/irt/logits_bert-base-uncased.csv,artifact_or_table,1
750,revision/artifacts/irt/logits_bert-base-uncased.csv,artifact_or_table,16
1150,revision/artifacts/irt/logits_bert-base-uncased.csv,artifact_or_table,1
1530,revision/artifacts/irt/logits_bert-base-uncased.csv,artifact_or_table,1
780,revision/artifacts/irt/logits_bert-base-uncased.csv,artifact_or_table,16
300,revision/artifacts/irt/logits_bert-base-uncased.csv,artifact_or_table,23
270,revision/artifacts/irt/logits_bert-base-uncased.csv,artifact_or_table,14
520,revision/artifacts/irt/logits_bert-base-uncased.csv,artifact_or_table,22
450,revision/artifacts/irt/logits_bert-base-uncased.csv,artifact_or_table,20
400,revision/artifacts/irt/logits_bert-base-uncased.csv,artifact_or_table,21
850,revision/artifacts/irt/logits_bert-base-uncased.csv,artifact_or_table,24
1200,revision/artifacts/irt/logits_bert-base-uncased.csv,artifact_or_table,3
2050,revision/artifacts/irt/logits_bert-base-uncased.csv,artifact_or_table,3
750,revision/artifacts/irt/machine_panel_long.csv,artifact_or_table,320
780,revision/artifacts/irt/machine_panel_long.csv,artifact_or_table,480
300,revision/artifacts/irt/machine_panel_long.csv,artifact_or_table,320
270,revision/artifacts/irt/machine_panel_long.csv,artifact_or_table,160
520,revision/artifacts/irt/machine_panel_long.csv,artifact_or_table,960
450,revision/artifacts/irt/machine_panel_long.csv,artifact_or_table,320
2050,revision/artifacts/irt/machine_panel_long.csv,artifact_or_table,320
1300,revision/artifacts/irt/machine_panel_roster.csv,artifact_or_table,1
750,revision/artifacts/irt/machine_panel_roster.csv,artifact_or_table,3
1530,revision/artifacts/irt/machine_panel_roster.csv,artifact_or_table,1
780,revision/artifacts/irt/machine_panel_roster.csv,artifact_or_table,3
300,revision/artifacts/irt/machine_panel_roster.csv,artifact_or_table,6
270,revision/artifacts/irt/machine_panel_roster.csv,artifact_or_table,3
520,revision/artifacts/irt/machine_panel_roster.csv,artifact_or_table,5
450,revision/artifacts/irt/machine_panel_roster.csv,artifact_or_table,4
400,revision/artifacts/irt/machine_panel_roster.csv,artifact_or_table,4
850,revision/artifacts/irt/machine_panel_roster.csv,artifact_or_table,4
2050,revision/artifacts/irt/machine_panel_roster.csv,artifact_or_table,1
5000,revision/artifacts/smoke_custom_data/race_mcq_val.csv,artifact_or_table,8
1640,revision/artifacts/smoke_custom_data/race_mcq_val.csv,artifact_or_table,2
1800,revision/artifacts/smoke_custom_data/race_mcq_val.csv,artifact_or_table,14
750,revision/artifacts/smoke_custom_data/race_mcq_val.csv,artifact_or_table,10
1150,revision/artifacts/smoke_custom_data/race_mcq_val.csv,artifact_or_table,4
780,revision/artifacts/smoke_custom_data/race_mcq_val.csv,artifact_or_table,2
300,revision/artifacts/smoke_custom_data/race_mcq_val.csv,artifact_or_table,34
520,revision/artifacts/smoke_custom_data/race_mcq_val.csv,artifact_or_table,8
450,revision/artifacts/smoke_custom_data/race_mcq_val.csv,artifact_or_table,8
400,revision/artifacts/smoke_custom_data/race_mcq_val.csv,artifact_or_table,38
850,revision/artifacts/smoke_custom_data/race_mcq_val.csv,artifact_or_table,2
2050,revision/artifacts/smoke_custom_data/race_mcq_val.csv,artifact_or_table,2
1640,revision/artifacts/smoke_encoder/training_dynamics_val.csv,artifact_or_table,1
300,revision/artifacts/smoke_encoder/training_dynamics_val.csv,artifact_or_table,1
270,revision/artifacts/smoke_encoder/training_dynamics_val.csv,artifact_or_table,2
520,revision/artifacts/smoke_encoder/training_dynamics_val.csv,artifact_or_table,2
450,revision/artifacts/smoke_encoder/training_dynamics_val.csv,artifact_or_table,1
400,revision/artifacts/smoke_encoder/training_dynamics_val.csv,artifact_or_table,1
400,revision/artifacts/encoder_competitive/allenai_longformer-base-4096/run_meta.json,documentation,1
5000,revision/artifacts/encoder_competitive/allenai_longformer-base-4096/training_dynamics_train.csv,artifact_or_table,3
3360,revision/artifacts/encoder_competitive/allenai_longformer-base-4096/training_dynamics_train.csv,artifact_or_table,7
1640,revision/artifacts/encoder_competitive/allenai_longformer-base-4096/training_dynamics_train.csv,artifact_or_table,3
1800,revision/artifacts/encoder_competitive/allenai_longformer-base-4096/training_dynamics_train.csv,artifact_or_table,2
1300,revision/artifacts/encoder_competitive/allenai_longformer-base-4096/training_dynamics_train.csv,artifact_or_table,4
750,revision/artifacts/encoder_competitive/allenai_longformer-base-4096/training_dynamics_train.csv,artifact_or_table,42
1150,revision/artifacts/encoder_competitive/allenai_longformer-base-4096/training_dynamics_train.csv,artifact_or_table,8
1530,revision/artifacts/encoder_competitive/allenai_longformer-base-4096/training_dynamics_train.csv,artifact_or_table,2
780,revision/artifacts/encoder_competitive/allenai_longformer-base-4096/training_dynamics_train.csv,artifact_or_table,43
300,revision/artifacts/encoder_competitive/allenai_longformer-base-4096/training_dynamics_train.csv,artifact_or_table,43
270,revision/artifacts/encoder_competitive/allenai_longformer-base-4096/training_dynamics_train.csv,artifact_or_table,47
520,revision/artifacts/encoder_competitive/allenai_longformer-base-4096/training_dynamics_train.csv,artifact_or_table,65
450,revision/artifacts/encoder_competitive/allenai_longformer-base-4096/training_dynamics_train.csv,artifact_or_table,81
400,revision/artifacts/encoder_competitive/allenai_longformer-base-4096/training_dynamics_train.csv,artifact_or_table,65
850,revision/artifacts/encoder_competitive/allenai_longformer-base-4096/training_dynamics_train.csv,artifact_or_table,51
1200,revision/artifacts/encoder_competitive/allenai_longformer-base-4096/training_dynamics_train.csv,artifact_or_table,5
2050,revision/artifacts/encoder_competitive/allenai_longformer-base-4096/training_dynamics_train.csv,artifact_or_table,15
5000,revision/artifacts/encoder_competitive/allenai_longformer-base-4096/training_dynamics_train_epoch.csv,artifact_or_table,3
3360,revision/artifacts/encoder_competitive/allenai_longformer-base-4096/training_dynamics_train_epoch.csv,artifact_or_table,7
1640,revision/artifacts/encoder_competitive/allenai_longformer-base-4096/training_dynamics_train_epoch.csv,artifact_or_table,3
1800,revision/artifacts/encoder_competitive/allenai_longformer-base-4096/training_dynamics_train_epoch.csv,artifact_or_table,2
1300,revision/artifacts/encoder_competitive/allenai_longformer-base-4096/training_dynamics_train_epoch.csv,artifact_or_table,4
750,revision/artifacts/encoder_competitive/allenai_longformer-base-4096/training_dynamics_train_epoch.csv,artifact_or_table,42
1150,revision/artifacts/encoder_competitive/allenai_longformer-base-4096/training_dynamics_train_epoch.csv,artifact_or_table,8
1530,revision/artifacts/encoder_competitive/allenai_longformer-base-4096/training_dynamics_train_epoch.csv,artifact_or_table,2
780,revision/artifacts/encoder_competitive/allenai_longformer-base-4096/training_dynamics_train_epoch.csv,artifact_or_table,43
300,revision/artifacts/encoder_competitive/allenai_longformer-base-4096/training_dynamics_train_epoch.csv,artifact_or_table,43
270,revision/artifacts/encoder_competitive/allenai_longformer-base-4096/training_dynamics_train_epoch.csv,artifact_or_table,47
520,revision/artifacts/encoder_competitive/allenai_longformer-base-4096/training_dynamics_train_epoch.csv,artifact_or_table,65
450,revision/artifacts/encoder_competitive/allenai_longformer-base-4096/training_dynamics_train_epoch.csv,artifact_or_table,81
400,revision/artifacts/encoder_competitive/allenai_longformer-base-4096/training_dynamics_train_epoch.csv,artifact_or_table,65
850,revision/artifacts/encoder_competitive/allenai_longformer-base-4096/training_dynamics_train_epoch.csv,artifact_or_table,51
1200,revision/artifacts/encoder_competitive/allenai_longformer-base-4096/training_dynamics_train_epoch.csv,artifact_or_table,5
2050,revision/artifacts/encoder_competitive/allenai_longformer-base-4096/training_dynamics_train_epoch.csv,artifact_or_table,15
5000,revision/artifacts/encoder_competitive/allenai_longformer-base-4096/training_dynamics_val.csv,artifact_or_table,15
3360,revision/artifacts/encoder_competitive/allenai_longformer-base-4096/training_dynamics_val.csv,artifact_or_table,18
1640,revision/artifacts/encoder_competitive/allenai_longformer-base-4096/training_dynamics_val.csv,artifact_or_table,40
1800,revision/artifacts/encoder_competitive/allenai_longformer-base-4096/training_dynamics_val.csv,artifact_or_table,24
1300,revision/artifacts/encoder_competitive/allenai_longformer-base-4096/training_dynamics_val.csv,artifact_or_table,17
750,revision/artifacts/encoder_competitive/allenai_longformer-base-4096/training_dynamics_val.csv,artifact_or_table,256
1150,revision/artifacts/encoder_competitive/allenai_longformer-base-4096/training_dynamics_val.csv,artifact_or_table,50
1530,revision/artifacts/encoder_competitive/allenai_longformer-base-4096/training_dynamics_val.csv,artifact_or_table,34
780,revision/artifacts/encoder_competitive/allenai_longformer-base-4096/training_dynamics_val.csv,artifact_or_table,287
300,revision/artifacts/encoder_competitive/allenai_longformer-base-4096/training_dynamics_val.csv,artifact_or_table,259
270,revision/artifacts/encoder_competitive/allenai_longformer-base-4096/training_dynamics_val.csv,artifact_or_table,248
520,revision/artifacts/encoder_competitive/allenai_longformer-base-4096/training_dynamics_val.csv,artifact_or_table,348
450,revision/artifacts/encoder_competitive/allenai_longformer-base-4096/training_dynamics_val.csv,artifact_or_table,313
400,revision/artifacts/encoder_competitive/allenai_longformer-base-4096/training_dynamics_val.csv,artifact_or_table,301
850,revision/artifacts/encoder_competitive/allenai_longformer-base-4096/training_dynamics_val.csv,artifact_or_table,273
1200,revision/artifacts/encoder_competitive/allenai_longformer-base-4096/training_dynamics_val.csv,artifact_or_table,28
2050,revision/artifacts/encoder_competitive/allenai_longformer-base-4096/training_dynamics_val.csv,artifact_or_table,41
3360,revision/artifacts/encoder_competitive/allenai_longformer-base-4096/val_predictions.csv,artifact_or_table,1
1640,revision/artifacts/encoder_competitive/allenai_longformer-base-4096/val_predictions.csv,artifact_or_table,7
1800,revision/artifacts/encoder_competitive/allenai_longformer-base-4096/val_predictions.csv,artifact_or_table,1
1300,revision/artifacts/encoder_competitive/allenai_longformer-base-4096/val_predictions.csv,artifact_or_table,1
750,revision/artifacts/encoder_competitive/allenai_longformer-base-4096/val_predictions.csv,artifact_or_table,22
1150,revision/artifacts/encoder_competitive/allenai_longformer-base-4096/val_predictions.csv,artifact_or_table,10
1530,revision/artifacts/encoder_competitive/allenai_longformer-base-4096/val_predictions.csv,artifact_or_table,2
780,revision/artifacts/encoder_competitive/allenai_longformer-base-4096/val_predictions.csv,artifact_or_table,33
300,revision/artifacts/encoder_competitive/allenai_longformer-base-4096/val_predictions.csv,artifact_or_table,29
270,revision/artifacts/encoder_competitive/allenai_longformer-base-4096/val_predictions.csv,artifact_or_table,21
520,revision/artifacts/encoder_competitive/allenai_longformer-base-4096/val_predictions.csv,artifact_or_table,48
450,revision/artifacts/encoder_competitive/allenai_longformer-base-4096/val_predictions.csv,artifact_or_table,28
400,revision/artifacts/encoder_competitive/allenai_longformer-base-4096/val_predictions.csv,artifact_or_table,24
850,revision/artifacts/encoder_competitive/allenai_longformer-base-4096/val_predictions.csv,artifact_or_table,23
1200,revision/artifacts/encoder_competitive/allenai_longformer-base-4096/val_predictions.csv,artifact_or_table,5
2050,revision/artifacts/encoder_competitive/allenai_longformer-base-4096/val_predictions.csv,artifact_or_table,4
5000,revision/artifacts/encoder_competitive/bert-base-uncased/training_dynamics_train_epoch.csv,artifact_or_table,5
3360,revision/artifacts/encoder_competitive/bert-base-uncased/training_dynamics_train_epoch.csv,artifact_or_table,10
1640,revision/artifacts/encoder_competitive/bert-base-uncased/training_dynamics_train_epoch.csv,artifact_or_table,7
1800,revision/artifacts/encoder_competitive/bert-base-uncased/training_dynamics_train_epoch.csv,artifact_or_table,5
1300,revision/artifacts/encoder_competitive/bert-base-uncased/training_dynamics_train_epoch.csv,artifact_or_table,9
750,revision/artifacts/encoder_competitive/bert-base-uncased/training_dynamics_train_epoch.csv,artifact_or_table,58
1150,revision/artifacts/encoder_competitive/bert-base-uncased/training_dynamics_train_epoch.csv,artifact_or_table,11
1530,revision/artifacts/encoder_competitive/bert-base-uncased/training_dynamics_train_epoch.csv,artifact_or_table,7
780,revision/artifacts/encoder_competitive/bert-base-uncased/training_dynamics_train_epoch.csv,artifact_or_table,70
300,revision/artifacts/encoder_competitive/bert-base-uncased/training_dynamics_train_epoch.csv,artifact_or_table,64
270,revision/artifacts/encoder_competitive/bert-base-uncased/training_dynamics_train_epoch.csv,artifact_or_table,58
520,revision/artifacts/encoder_competitive/bert-base-uncased/training_dynamics_train_epoch.csv,artifact_or_table,69
450,revision/artifacts/encoder_competitive/bert-base-uncased/training_dynamics_train_epoch.csv,artifact_or_table,69
400,revision/artifacts/encoder_competitive/bert-base-uncased/training_dynamics_train_epoch.csv,artifact_or_table,66
850,revision/artifacts/encoder_competitive/bert-base-uncased/training_dynamics_train_epoch.csv,artifact_or_table,68
1200,revision/artifacts/encoder_competitive/bert-base-uncased/training_dynamics_train_epoch.csv,artifact_or_table,8
2050,revision/artifacts/encoder_competitive/bert-base-uncased/training_dynamics_train_epoch.csv,artifact_or_table,15
5000,revision/artifacts/encoder_competitive/bert-base-uncased/training_dynamics_val.csv,artifact_or_table,23
3360,revision/artifacts/encoder_competitive/bert-base-uncased/training_dynamics_val.csv,artifact_or_table,23
1640,revision/artifacts/encoder_competitive/bert-base-uncased/training_dynamics_val.csv,artifact_or_table,48
1800,revision/artifacts/encoder_competitive/bert-base-uncased/training_dynamics_val.csv,artifact_or_table,27
1300,revision/artifacts/encoder_competitive/bert-base-uncased/training_dynamics_val.csv,artifact_or_table,22
750,revision/artifacts/encoder_competitive/bert-base-uncased/training_dynamics_val.csv,artifact_or_table,293
1150,revision/artifacts/encoder_competitive/bert-base-uncased/training_dynamics_val.csv,artifact_or_table,49
1530,revision/artifacts/encoder_competitive/bert-base-uncased/training_dynamics_val.csv,artifact_or_table,33
780,revision/artifacts/encoder_competitive/bert-base-uncased/training_dynamics_val.csv,artifact_or_table,335
300,revision/artifacts/encoder_competitive/bert-base-uncased/training_dynamics_val.csv,artifact_or_table,302
270,revision/artifacts/encoder_competitive/bert-base-uncased/training_dynamics_val.csv,artifact_or_table,280
520,revision/artifacts/encoder_competitive/bert-base-uncased/training_dynamics_val.csv,artifact_or_table,369
450,revision/artifacts/encoder_competitive/bert-base-uncased/training_dynamics_val.csv,artifact_or_table,314
400,revision/artifacts/encoder_competitive/bert-base-uncased/training_dynamics_val.csv,artifact_or_table,304
850,revision/artifacts/encoder_competitive/bert-base-uncased/training_dynamics_val.csv,artifact_or_table,298
1200,revision/artifacts/encoder_competitive/bert-base-uncased/training_dynamics_val.csv,artifact_or_table,33
2050,revision/artifacts/encoder_competitive/bert-base-uncased/training_dynamics_val.csv,artifact_or_table,44
5000,revision/artifacts/encoder_competitive/bert-base-uncased/val_predictions.csv,artifact_or_table,2
1640,revision/artifacts/encoder_competitive/bert-base-uncased/val_predictions.csv,artifact_or_table,7
1800,revision/artifacts/encoder_competitive/bert-base-uncased/val_predictions.csv,artifact_or_table,1
1300,revision/artifacts/encoder_competitive/bert-base-uncased/val_predictions.csv,artifact_or_table,1
750,revision/artifacts/encoder_competitive/bert-base-uncased/val_predictions.csv,artifact_or_table,33
1150,revision/artifacts/encoder_competitive/bert-base-uncased/val_predictions.csv,artifact_or_table,8
1530,revision/artifacts/encoder_competitive/bert-base-uncased/val_predictions.csv,artifact_or_table,5
780,revision/artifacts/encoder_competitive/bert-base-uncased/val_predictions.csv,artifact_or_table,49
300,revision/artifacts/encoder_competitive/bert-base-uncased/val_predictions.csv,artifact_or_table,40
270,revision/artifacts/encoder_competitive/bert-base-uncased/val_predictions.csv,artifact_or_table,23
520,revision/artifacts/encoder_competitive/bert-base-uncased/val_predictions.csv,artifact_or_table,44
450,revision/artifacts/encoder_competitive/bert-base-uncased/val_predictions.csv,artifact_or_table,37
400,revision/artifacts/encoder_competitive/bert-base-uncased/val_predictions.csv,artifact_or_table,30
850,revision/artifacts/encoder_competitive/bert-base-uncased/val_predictions.csv,artifact_or_table,35
1200,revision/artifacts/encoder_competitive/bert-base-uncased/val_predictions.csv,artifact_or_table,4
2050,revision/artifacts/encoder_competitive/bert-base-uncased/val_predictions.csv,artifact_or_table,4
5000,revision/artifacts/encoder_competitive/google_bigbird-roberta-base/training_dynamics_train.csv,artifact_or_table,6
3360,revision/artifacts/encoder_competitive/google_bigbird-roberta-base/training_dynamics_train.csv,artifact_or_table,6
1640,revision/artifacts/encoder_competitive/google_bigbird-roberta-base/training_dynamics_train.csv,artifact_or_table,9
1800,revision/artifacts/encoder_competitive/google_bigbird-roberta-base/training_dynamics_train.csv,artifact_or_table,6
1300,revision/artifacts/encoder_competitive/google_bigbird-roberta-base/training_dynamics_train.csv,artifact_or_table,6
750,revision/artifacts/encoder_competitive/google_bigbird-roberta-base/training_dynamics_train.csv,artifact_or_table,62
1150,revision/artifacts/encoder_competitive/google_bigbird-roberta-base/training_dynamics_train.csv,artifact_or_table,7
1530,revision/artifacts/encoder_competitive/google_bigbird-roberta-base/training_dynamics_train.csv,artifact_or_table,9
780,revision/artifacts/encoder_competitive/google_bigbird-roberta-base/training_dynamics_train.csv,artifact_or_table,58
300,revision/artifacts/encoder_competitive/google_bigbird-roberta-base/training_dynamics_train.csv,artifact_or_table,72
270,revision/artifacts/encoder_competitive/google_bigbird-roberta-base/training_dynamics_train.csv,artifact_or_table,76
520,revision/artifacts/encoder_competitive/google_bigbird-roberta-base/training_dynamics_train.csv,artifact_or_table,81
450,revision/artifacts/encoder_competitive/google_bigbird-roberta-base/training_dynamics_train.csv,artifact_or_table,75
400,revision/artifacts/encoder_competitive/google_bigbird-roberta-base/training_dynamics_train.csv,artifact_or_table,81
850,revision/artifacts/encoder_competitive/google_bigbird-roberta-base/training_dynamics_train.csv,artifact_or_table,75
1200,revision/artifacts/encoder_competitive/google_bigbird-roberta-base/training_dynamics_train.csv,artifact_or_table,3
2050,revision/artifacts/encoder_competitive/google_bigbird-roberta-base/training_dynamics_train.csv,artifact_or_table,19
5000,revision/artifacts/encoder_competitive/google_bigbird-roberta-base/training_dynamics_train_epoch.csv,artifact_or_table,6
3360,revision/artifacts/encoder_competitive/google_bigbird-roberta-base/training_dynamics_train_epoch.csv,artifact_or_table,6
1640,revision/artifacts/encoder_competitive/google_bigbird-roberta-base/training_dynamics_train_epoch.csv,artifact_or_table,9
1800,revision/artifacts/encoder_competitive/google_bigbird-roberta-base/training_dynamics_train_epoch.csv,artifact_or_table,6
1300,revision/artifacts/encoder_competitive/google_bigbird-roberta-base/training_dynamics_train_epoch.csv,artifact_or_table,6
750,revision/artifacts/encoder_competitive/google_bigbird-roberta-base/training_dynamics_train_epoch.csv,artifact_or_table,62
1150,revision/artifacts/encoder_competitive/google_bigbird-roberta-base/training_dynamics_train_epoch.csv,artifact_or_table,7
1530,revision/artifacts/encoder_competitive/google_bigbird-roberta-base/training_dynamics_train_epoch.csv,artifact_or_table,9
780,revision/artifacts/encoder_competitive/google_bigbird-roberta-base/training_dynamics_train_epoch.csv,artifact_or_table,58
300,revision/artifacts/encoder_competitive/google_bigbird-roberta-base/training_dynamics_train_epoch.csv,artifact_or_table,72
270,revision/artifacts/encoder_competitive/google_bigbird-roberta-base/training_dynamics_train_epoch.csv,artifact_or_table,76
520,revision/artifacts/encoder_competitive/google_bigbird-roberta-base/training_dynamics_train_epoch.csv,artifact_or_table,81
450,revision/artifacts/encoder_competitive/google_bigbird-roberta-base/training_dynamics_train_epoch.csv,artifact_or_table,75
400,revision/artifacts/encoder_competitive/google_bigbird-roberta-base/training_dynamics_train_epoch.csv,artifact_or_table,81
850,revision/artifacts/encoder_competitive/google_bigbird-roberta-base/training_dynamics_train_epoch.csv,artifact_or_table,75
1200,revision/artifacts/encoder_competitive/google_bigbird-roberta-base/training_dynamics_train_epoch.csv,artifact_or_table,3
2050,revision/artifacts/encoder_competitive/google_bigbird-roberta-base/training_dynamics_train_epoch.csv,artifact_or_table,19
5000,revision/artifacts/encoder_competitive/google_bigbird-roberta-base/training_dynamics_val.csv,artifact_or_table,24
3360,revision/artifacts/encoder_competitive/google_bigbird-roberta-base/training_dynamics_val.csv,artifact_or_table,34
1640,revision/artifacts/encoder_competitive/google_bigbird-roberta-base/training_dynamics_val.csv,artifact_or_table,53
1800,revision/artifacts/encoder_competitive/google_bigbird-roberta-base/training_dynamics_val.csv,artifact_or_table,24
1300,revision/artifacts/encoder_competitive/google_bigbird-roberta-base/training_dynamics_val.csv,artifact_or_table,26
750,revision/artifacts/encoder_competitive/google_bigbird-roberta-base/training_dynamics_val.csv,artifact_or_table,267
1150,revision/artifacts/encoder_competitive/google_bigbird-roberta-base/training_dynamics_val.csv,artifact_or_table,42
1530,revision/artifacts/encoder_competitive/google_bigbird-roberta-base/training_dynamics_val.csv,artifact_or_table,25
780,revision/artifacts/encoder_competitive/google_bigbird-roberta-base/training_dynamics_val.csv,artifact_or_table,331
300,revision/artifacts/encoder_competitive/google_bigbird-roberta-base/training_dynamics_val.csv,artifact_or_table,317
270,revision/artifacts/encoder_competitive/google_bigbird-roberta-base/training_dynamics_val.csv,artifact_or_table,281
520,revision/artifacts/encoder_competitive/google_bigbird-roberta-base/training_dynamics_val.csv,artifact_or_table,358
450,revision/artifacts/encoder_competitive/google_bigbird-roberta-base/training_dynamics_val.csv,artifact_or_table,317
400,revision/artifacts/encoder_competitive/google_bigbird-roberta-base/training_dynamics_val.csv,artifact_or_table,323
850,revision/artifacts/encoder_competitive/google_bigbird-roberta-base/training_dynamics_val.csv,artifact_or_table,294
1200,revision/artifacts/encoder_competitive/google_bigbird-roberta-base/training_dynamics_val.csv,artifact_or_table,31
2050,revision/artifacts/encoder_competitive/google_bigbird-roberta-base/training_dynamics_val.csv,artifact_or_table,42
1640,revision/artifacts/encoder_competitive/google_bigbird-roberta-base/val_predictions.csv,artifact_or_table,6
1300,revision/artifacts/encoder_competitive/google_bigbird-roberta-base/val_predictions.csv,artifact_or_table,1
750,revision/artifacts/encoder_competitive/google_bigbird-roberta-base/val_predictions.csv,artifact_or_table,25
1150,revision/artifacts/encoder_competitive/google_bigbird-roberta-base/val_predictions.csv,artifact_or_table,8
1530,revision/artifacts/encoder_competitive/google_bigbird-roberta-base/val_predictions.csv,artifact_or_table,4
780,revision/artifacts/encoder_competitive/google_bigbird-roberta-base/val_predictions.csv,artifact_or_table,42
300,revision/artifacts/encoder_competitive/google_bigbird-roberta-base/val_predictions.csv,artifact_or_table,25
270,revision/artifacts/encoder_competitive/google_bigbird-roberta-base/val_predictions.csv,artifact_or_table,28
520,revision/artifacts/encoder_competitive/google_bigbird-roberta-base/val_predictions.csv,artifact_or_table,51
450,revision/artifacts/encoder_competitive/google_bigbird-roberta-base/val_predictions.csv,artifact_or_table,34
400,revision/artifacts/encoder_competitive/google_bigbird-roberta-base/val_predictions.csv,artifact_or_table,30
850,revision/artifacts/encoder_competitive/google_bigbird-roberta-base/val_predictions.csv,artifact_or_table,31
1200,revision/artifacts/encoder_competitive/google_bigbird-roberta-base/val_predictions.csv,artifact_or_table,3
2050,revision/artifacts/encoder_competitive/google_bigbird-roberta-base/val_predictions.csv,artifact_or_table,5
5000,revision/artifacts/encoder_competitive/allenai_longformer-base-4096/hf_model/tokenizer.json,documentation,17
3360,revision/artifacts/encoder_competitive/allenai_longformer-base-4096/hf_model/tokenizer.json,documentation,15
1640,revision/artifacts/encoder_competitive/allenai_longformer-base-4096/hf_model/tokenizer.json,documentation,15
1800,revision/artifacts/encoder_competitive/allenai_longformer-base-4096/hf_model/tokenizer.json,documentation,17
1300,revision/artifacts/encoder_competitive/allenai_longformer-base-4096/hf_model/tokenizer.json,documentation,16
750,revision/artifacts/encoder_competitive/allenai_longformer-base-4096/hf_model/tokenizer.json,documentation,102
1150,revision/artifacts/encoder_competitive/allenai_longformer-base-4096/hf_model/tokenizer.json,documentation,15
1530,revision/artifacts/encoder_competitive/allenai_longformer-base-4096/hf_model/tokenizer.json,documentation,15
780,revision/artifacts/encoder_competitive/allenai_longformer-base-4096/hf_model/tokenizer.json,documentation,102
300,revision/artifacts/encoder_competitive/allenai_longformer-base-4096/hf_model/tokenizer.json,documentation,205
270,revision/artifacts/encoder_competitive/allenai_longformer-base-4096/hf_model/tokenizer.json,documentation,202
520,revision/artifacts/encoder_competitive/allenai_longformer-base-4096/hf_model/tokenizer.json,documentation,102
450,revision/artifacts/encoder_competitive/allenai_longformer-base-4096/hf_model/tokenizer.json,documentation,202
400,revision/artifacts/encoder_competitive/allenai_longformer-base-4096/hf_model/tokenizer.json,documentation,206
850,revision/artifacts/encoder_competitive/allenai_longformer-base-4096/hf_model/tokenizer.json,documentation,103
1200,revision/artifacts/encoder_competitive/allenai_longformer-base-4096/hf_model/tokenizer.json,documentation,17
2050,revision/artifacts/encoder_competitive/allenai_longformer-base-4096/hf_model/tokenizer.json,documentation,16
5000,revision/artifacts/encoder_competitive/bert-base-uncased/hf_model/tokenizer.json,documentation,4
3360,revision/artifacts/encoder_competitive/bert-base-uncased/hf_model/tokenizer.json,documentation,3
1640,revision/artifacts/encoder_competitive/bert-base-uncased/hf_model/tokenizer.json,documentation,14
1800,revision/artifacts/encoder_competitive/bert-base-uncased/hf_model/tokenizer.json,documentation,15
1300,revision/artifacts/encoder_competitive/bert-base-uncased/hf_model/tokenizer.json,documentation,14
750,revision/artifacts/encoder_competitive/bert-base-uncased/hf_model/tokenizer.json,documentation,63
1150,revision/artifacts/encoder_competitive/bert-base-uncased/hf_model/tokenizer.json,documentation,13
1530,revision/artifacts/encoder_competitive/bert-base-uncased/hf_model/tokenizer.json,documentation,13
780,revision/artifacts/encoder_competitive/bert-base-uncased/hf_model/tokenizer.json,documentation,63
300,revision/artifacts/encoder_competitive/bert-base-uncased/hf_model/tokenizer.json,documentation,165
270,revision/artifacts/encoder_competitive/bert-base-uncased/hf_model/tokenizer.json,documentation,163
520,revision/artifacts/encoder_competitive/bert-base-uncased/hf_model/tokenizer.json,documentation,63
450,revision/artifacts/encoder_competitive/bert-base-uncased/hf_model/tokenizer.json,documentation,63
400,revision/artifacts/encoder_competitive/bert-base-uncased/hf_model/tokenizer.json,documentation,66
850,revision/artifacts/encoder_competitive/bert-base-uncased/hf_model/tokenizer.json,documentation,64
1200,revision/artifacts/encoder_competitive/bert-base-uncased/hf_model/tokenizer.json,documentation,14
2050,revision/artifacts/encoder_competitive/bert-base-uncased/hf_model/tokenizer.json,documentation,13
5000,revision/artifacts/encoder_competitive/google_bigbird-roberta-base/hf_model/tokenizer.json,documentation,2
1800,revision/artifacts/encoder_competitive/google_bigbird-roberta-base/hf_model/tokenizer.json,documentation,2
1300,revision/artifacts/encoder_competitive/google_bigbird-roberta-base/hf_model/tokenizer.json,documentation,1
750,revision/artifacts/encoder_competitive/google_bigbird-roberta-base/hf_model/tokenizer.json,documentation,2
780,revision/artifacts/encoder_competitive/google_bigbird-roberta-base/hf_model/tokenizer.json,documentation,2
300,revision/artifacts/encoder_competitive/google_bigbird-roberta-base/hf_model/tokenizer.json,documentation,5
270,revision/artifacts/encoder_competitive/google_bigbird-roberta-base/hf_model/tokenizer.json,documentation,2
520,revision/artifacts/encoder_competitive/google_bigbird-roberta-base/hf_model/tokenizer.json,documentation,2
450,revision/artifacts/encoder_competitive/google_bigbird-roberta-base/hf_model/tokenizer.json,documentation,2
400,revision/artifacts/encoder_competitive/google_bigbird-roberta-base/hf_model/tokenizer.json,documentation,6
850,revision/artifacts/encoder_competitive/google_bigbird-roberta-base/hf_model/tokenizer.json,documentation,3
1200,revision/artifacts/encoder_competitive/google_bigbird-roberta-base/hf_model/tokenizer.json,documentation,2
2050,revision/artifacts/encoder_competitive/google_bigbird-roberta-base/hf_model/tokenizer.json,documentation,1
1800,revision/artifacts/encoder_mc_smoke/bert-base-uncased/run_meta.json,documentation,1
5000,revision/artifacts/encoder_mc_smoke/bert-base-uncased/training_dynamics_train_epoch.csv,artifact_or_table,3
3360,revision/artifacts/encoder_mc_smoke/bert-base-uncased/training_dynamics_train_epoch.csv,artifact_or_table,3
1640,revision/artifacts/encoder_mc_smoke/bert-base-uncased/training_dynamics_train_epoch.csv,artifact_or_table,2
1800,revision/artifacts/encoder_mc_smoke/bert-base-uncased/training_dynamics_train_epoch.csv,artifact_or_table,4
1300,revision/artifacts/encoder_mc_smoke/bert-base-uncased/training_dynamics_train_epoch.csv,artifact_or_table,1
750,revision/artifacts/encoder_mc_smoke/bert-base-uncased/training_dynamics_train_epoch.csv,artifact_or_table,40
1150,revision/artifacts/encoder_mc_smoke/bert-base-uncased/training_dynamics_train_epoch.csv,artifact_or_table,7
1530,revision/artifacts/encoder_mc_smoke/bert-base-uncased/training_dynamics_train_epoch.csv,artifact_or_table,3
780,revision/artifacts/encoder_mc_smoke/bert-base-uncased/training_dynamics_train_epoch.csv,artifact_or_table,46
300,revision/artifacts/encoder_mc_smoke/bert-base-uncased/training_dynamics_train_epoch.csv,artifact_or_table,49
270,revision/artifacts/encoder_mc_smoke/bert-base-uncased/training_dynamics_train_epoch.csv,artifact_or_table,48
520,revision/artifacts/encoder_mc_smoke/bert-base-uncased/training_dynamics_train_epoch.csv,artifact_or_table,48
450,revision/artifacts/encoder_mc_smoke/bert-base-uncased/training_dynamics_train_epoch.csv,artifact_or_table,47
400,revision/artifacts/encoder_mc_smoke/bert-base-uncased/training_dynamics_train_epoch.csv,artifact_or_table,24
850,revision/artifacts/encoder_mc_smoke/bert-base-uncased/training_dynamics_train_epoch.csv,artifact_or_table,34
1200,revision/artifacts/encoder_mc_smoke/bert-base-uncased/training_dynamics_train_epoch.csv,artifact_or_table,2
2050,revision/artifacts/encoder_mc_smoke/bert-base-uncased/training_dynamics_train_epoch.csv,artifact_or_table,7
5000,revision/artifacts/encoder_mc_smoke/bert-base-uncased/training_dynamics_val.csv,artifact_or_table,20
3360,revision/artifacts/encoder_mc_smoke/bert-base-uncased/training_dynamics_val.csv,artifact_or_table,34
1640,revision/artifacts/encoder_mc_smoke/bert-base-uncased/training_dynamics_val.csv,artifact_or_table,58
1800,revision/artifacts/encoder_mc_smoke/bert-base-uncased/training_dynamics_val.csv,artifact_or_table,37
1300,revision/artifacts/encoder_mc_smoke/bert-base-uncased/training_dynamics_val.csv,artifact_or_table,30
750,revision/artifacts/encoder_mc_smoke/bert-base-uncased/training_dynamics_val.csv,artifact_or_table,343
1150,revision/artifacts/encoder_mc_smoke/bert-base-uncased/training_dynamics_val.csv,artifact_or_table,67
1530,revision/artifacts/encoder_mc_smoke/bert-base-uncased/training_dynamics_val.csv,artifact_or_table,43
780,revision/artifacts/encoder_mc_smoke/bert-base-uncased/training_dynamics_val.csv,artifact_or_table,428
300,revision/artifacts/encoder_mc_smoke/bert-base-uncased/training_dynamics_val.csv,artifact_or_table,423
270,revision/artifacts/encoder_mc_smoke/bert-base-uncased/training_dynamics_val.csv,artifact_or_table,415
520,revision/artifacts/encoder_mc_smoke/bert-base-uncased/training_dynamics_val.csv,artifact_or_table,479
450,revision/artifacts/encoder_mc_smoke/bert-base-uncased/training_dynamics_val.csv,artifact_or_table,404
400,revision/artifacts/encoder_mc_smoke/bert-base-uncased/training_dynamics_val.csv,artifact_or_table,377
850,revision/artifacts/encoder_mc_smoke/bert-base-uncased/training_dynamics_val.csv,artifact_or_table,352
1200,revision/artifacts/encoder_mc_smoke/bert-base-uncased/training_dynamics_val.csv,artifact_or_table,41
2050,revision/artifacts/encoder_mc_smoke/bert-base-uncased/training_dynamics_val.csv,artifact_or_table,66
3360,revision/artifacts/encoder_mc_smoke/bert-base-uncased/val_predictions.csv,artifact_or_table,4
1640,revision/artifacts/encoder_mc_smoke/bert-base-uncased/val_predictions.csv,artifact_or_table,9
1800,revision/artifacts/encoder_mc_smoke/bert-base-uncased/val_predictions.csv,artifact_or_table,3
1300,revision/artifacts/encoder_mc_smoke/bert-base-uncased/val_predictions.csv,artifact_or_table,4
750,revision/artifacts/encoder_mc_smoke/bert-base-uncased/val_predictions.csv,artifact_or_table,35
1150,revision/artifacts/encoder_mc_smoke/bert-base-uncased/val_predictions.csv,artifact_or_table,7
1530,revision/artifacts/encoder_mc_smoke/bert-base-uncased/val_predictions.csv,artifact_or_table,5
780,revision/artifacts/encoder_mc_smoke/bert-base-uncased/val_predictions.csv,artifact_or_table,46
300,revision/artifacts/encoder_mc_smoke/bert-base-uncased/val_predictions.csv,artifact_or_table,41
270,revision/artifacts/encoder_mc_smoke/bert-base-uncased/val_predictions.csv,artifact_or_table,35
520,revision/artifacts/encoder_mc_smoke/bert-base-uncased/val_predictions.csv,artifact_or_table,44
450,revision/artifacts/encoder_mc_smoke/bert-base-uncased/val_predictions.csv,artifact_or_table,45
400,revision/artifacts/encoder_mc_smoke/bert-base-uncased/val_predictions.csv,artifact_or_table,40
850,revision/artifacts/encoder_mc_smoke/bert-base-uncased/val_predictions.csv,artifact_or_table,33
1200,revision/artifacts/encoder_mc_smoke/bert-base-uncased/val_predictions.csv,artifact_or_table,4
2050,revision/artifacts/encoder_mc_smoke/bert-base-uncased/val_predictions.csv,artifact_or_table,13
5000,revision/artifacts/encoder_mc_smoke/bert-base-uncased/hf_model/tokenizer.json,documentation,4
3360,revision/artifacts/encoder_mc_smoke/bert-base-uncased/hf_model/tokenizer.json,documentation,3
1640,revision/artifacts/encoder_mc_smoke/bert-base-uncased/hf_model/tokenizer.json,documentation,14
1800,revision/artifacts/encoder_mc_smoke/bert-base-uncased/hf_model/tokenizer.json,documentation,15
1300,revision/artifacts/encoder_mc_smoke/bert-base-uncased/hf_model/tokenizer.json,documentation,14
750,revision/artifacts/encoder_mc_smoke/bert-base-uncased/hf_model/tokenizer.json,documentation,63
1150,revision/artifacts/encoder_mc_smoke/bert-base-uncased/hf_model/tokenizer.json,documentation,13
1530,revision/artifacts/encoder_mc_smoke/bert-base-uncased/hf_model/tokenizer.json,documentation,13
780,revision/artifacts/encoder_mc_smoke/bert-base-uncased/hf_model/tokenizer.json,documentation,63
300,revision/artifacts/encoder_mc_smoke/bert-base-uncased/hf_model/tokenizer.json,documentation,165
270,revision/artifacts/encoder_mc_smoke/bert-base-uncased/hf_model/tokenizer.json,documentation,163
520,revision/artifacts/encoder_mc_smoke/bert-base-uncased/hf_model/tokenizer.json,documentation,63
450,revision/artifacts/encoder_mc_smoke/bert-base-uncased/hf_model/tokenizer.json,documentation,63
400,revision/artifacts/encoder_mc_smoke/bert-base-uncased/hf_model/tokenizer.json,documentation,66
850,revision/artifacts/encoder_mc_smoke/bert-base-uncased/hf_model/tokenizer.json,documentation,64
1200,revision/artifacts/encoder_mc_smoke/bert-base-uncased/hf_model/tokenizer.json,documentation,14
2050,revision/artifacts/encoder_mc_smoke/bert-base-uncased/hf_model/tokenizer.json,documentation,13
3360,revision/artifacts/smoke_custom_fp32/roberta-base/training_dynamics_train_epoch.csv,artifact_or_table,1
1640,revision/artifacts/smoke_custom_fp32/roberta-base/training_dynamics_train_epoch.csv,artifact_or_table,1
750,revision/artifacts/smoke_custom_fp32/roberta-base/training_dynamics_train_epoch.csv,artifact_or_table,8
1150,revision/artifacts/smoke_custom_fp32/roberta-base/training_dynamics_train_epoch.csv,artifact_or_table,1
1530,revision/artifacts/smoke_custom_fp32/roberta-base/training_dynamics_train_epoch.csv,artifact_or_table,1
780,revision/artifacts/smoke_custom_fp32/roberta-base/training_dynamics_train_epoch.csv,artifact_or_table,7
300,revision/artifacts/smoke_custom_fp32/roberta-base/training_dynamics_train_epoch.csv,artifact_or_table,7
270,revision/artifacts/smoke_custom_fp32/roberta-base/training_dynamics_train_epoch.csv,artifact_or_table,6
520,revision/artifacts/smoke_custom_fp32/roberta-base/training_dynamics_train_epoch.csv,artifact_or_table,10
450,revision/artifacts/smoke_custom_fp32/roberta-base/training_dynamics_train_epoch.csv,artifact_or_table,8
400,revision/artifacts/smoke_custom_fp32/roberta-base/training_dynamics_train_epoch.csv,artifact_or_table,6
850,revision/artifacts/smoke_custom_fp32/roberta-base/training_dynamics_train_epoch.csv,artifact_or_table,2
1200,revision/artifacts/smoke_custom_fp32/roberta-base/training_dynamics_train_epoch.csv,artifact_or_table,2
2050,revision/artifacts/smoke_custom_fp32/roberta-base/training_dynamics_train_epoch.csv,artifact_or_table,12
5000,revision/artifacts/smoke_custom_fp32/roberta-base/training_dynamics_val.csv,artifact_or_table,1
1640,revision/artifacts/smoke_custom_fp32/roberta-base/training_dynamics_val.csv,artifact_or_table,2
750,revision/artifacts/smoke_custom_fp32/roberta-base/training_dynamics_val.csv,artifact_or_table,11
1150,revision/artifacts/smoke_custom_fp32/roberta-base/training_dynamics_val.csv,artifact_or_table,3
1530,revision/artifacts/smoke_custom_fp32/roberta-base/training_dynamics_val.csv,artifact_or_table,1
780,revision/artifacts/smoke_custom_fp32/roberta-base/training_dynamics_val.csv,artifact_or_table,12
300,revision/artifacts/smoke_custom_fp32/roberta-base/training_dynamics_val.csv,artifact_or_table,12
270,revision/artifacts/smoke_custom_fp32/roberta-base/training_dynamics_val.csv,artifact_or_table,10
520,revision/artifacts/smoke_custom_fp32/roberta-base/training_dynamics_val.csv,artifact_or_table,13
450,revision/artifacts/smoke_custom_fp32/roberta-base/training_dynamics_val.csv,artifact_or_table,7
400,revision/artifacts/smoke_custom_fp32/roberta-base/training_dynamics_val.csv,artifact_or_table,13
850,revision/artifacts/smoke_custom_fp32/roberta-base/training_dynamics_val.csv,artifact_or_table,4
2050,revision/artifacts/smoke_custom_fp32/roberta-base/training_dynamics_val.csv,artifact_or_table,5
5000,revision/artifacts/smoke_custom_fp32/roberta-base/val_predictions.csv,artifact_or_table,1
1640,revision/artifacts/smoke_custom_fp32/roberta-base/val_predictions.csv,artifact_or_table,1
750,revision/artifacts/smoke_custom_fp32/roberta-base/val_predictions.csv,artifact_or_table,7
1150,revision/artifacts/smoke_custom_fp32/roberta-base/val_predictions.csv,artifact_or_table,3
780,revision/artifacts/smoke_custom_fp32/roberta-base/val_predictions.csv,artifact_or_table,4
300,revision/artifacts/smoke_custom_fp32/roberta-base/val_predictions.csv,artifact_or_table,6
270,revision/artifacts/smoke_custom_fp32/roberta-base/val_predictions.csv,artifact_or_table,3
520,revision/artifacts/smoke_custom_fp32/roberta-base/val_predictions.csv,artifact_or_table,7
450,revision/artifacts/smoke_custom_fp32/roberta-base/val_predictions.csv,artifact_or_table,4
400,revision/artifacts/smoke_custom_fp32/roberta-base/val_predictions.csv,artifact_or_table,4
2050,revision/artifacts/smoke_custom_fp32/roberta-base/val_predictions.csv,artifact_or_table,5
5000,revision/artifacts/smoke_custom_fp32/roberta-base/hf_model/tokenizer.json,documentation,17
3360,revision/artifacts/smoke_custom_fp32/roberta-base/hf_model/tokenizer.json,documentation,15
1640,revision/artifacts/smoke_custom_fp32/roberta-base/hf_model/tokenizer.json,documentation,15
1800,revision/artifacts/smoke_custom_fp32/roberta-base/hf_model/tokenizer.json,documentation,17
1300,revision/artifacts/smoke_custom_fp32/roberta-base/hf_model/tokenizer.json,documentation,16
750,revision/artifacts/smoke_custom_fp32/roberta-base/hf_model/tokenizer.json,documentation,102
1150,revision/artifacts/smoke_custom_fp32/roberta-base/hf_model/tokenizer.json,documentation,15
1530,revision/artifacts/smoke_custom_fp32/roberta-base/hf_model/tokenizer.json,documentation,15
780,revision/artifacts/smoke_custom_fp32/roberta-base/hf_model/tokenizer.json,documentation,102
300,revision/artifacts/smoke_custom_fp32/roberta-base/hf_model/tokenizer.json,documentation,205
270,revision/artifacts/smoke_custom_fp32/roberta-base/hf_model/tokenizer.json,documentation,202
520,revision/artifacts/smoke_custom_fp32/roberta-base/hf_model/tokenizer.json,documentation,102
450,revision/artifacts/smoke_custom_fp32/roberta-base/hf_model/tokenizer.json,documentation,202
400,revision/artifacts/smoke_custom_fp32/roberta-base/hf_model/tokenizer.json,documentation,206
850,revision/artifacts/smoke_custom_fp32/roberta-base/hf_model/tokenizer.json,documentation,103
1200,revision/artifacts/smoke_custom_fp32/roberta-base/hf_model/tokenizer.json,documentation,17
2050,revision/artifacts/smoke_custom_fp32/roberta-base/hf_model/tokenizer.json,documentation,16
5000,revision/artifacts/smoke_custom_fp32b/roberta-base/training_dynamics_train_epoch.csv,artifact_or_table,1
750,revision/artifacts/smoke_custom_fp32b/roberta-base/training_dynamics_train_epoch.csv,artifact_or_table,8
780,revision/artifacts/smoke_custom_fp32b/roberta-base/training_dynamics_train_epoch.csv,artifact_or_table,7
300,revision/artifacts/smoke_custom_fp32b/roberta-base/training_dynamics_train_epoch.csv,artifact_or_table,7
270,revision/artifacts/smoke_custom_fp32b/roberta-base/training_dynamics_train_epoch.csv,artifact_or_table,144
520,revision/artifacts/smoke_custom_fp32b/roberta-base/training_dynamics_train_epoch.csv,artifact_or_table,9
450,revision/artifacts/smoke_custom_fp32b/roberta-base/training_dynamics_train_epoch.csv,artifact_or_table,5
400,revision/artifacts/smoke_custom_fp32b/roberta-base/training_dynamics_train_epoch.csv,artifact_or_table,2
850,revision/artifacts/smoke_custom_fp32b/roberta-base/training_dynamics_train_epoch.csv,artifact_or_table,7
2050,revision/artifacts/smoke_custom_fp32b/roberta-base/training_dynamics_train_epoch.csv,artifact_or_table,2
5000,revision/artifacts/smoke_custom_fp32b/roberta-base/training_dynamics_val.csv,artifact_or_table,1
3360,revision/artifacts/smoke_custom_fp32b/roberta-base/training_dynamics_val.csv,artifact_or_table,2
1640,revision/artifacts/smoke_custom_fp32b/roberta-base/training_dynamics_val.csv,artifact_or_table,2
1300,revision/artifacts/smoke_custom_fp32b/roberta-base/training_dynamics_val.csv,artifact_or_table,1
750,revision/artifacts/smoke_custom_fp32b/roberta-base/training_dynamics_val.csv,artifact_or_table,8
1150,revision/artifacts/smoke_custom_fp32b/roberta-base/training_dynamics_val.csv,artifact_or_table,4
780,revision/artifacts/smoke_custom_fp32b/roberta-base/training_dynamics_val.csv,artifact_or_table,14
300,revision/artifacts/smoke_custom_fp32b/roberta-base/training_dynamics_val.csv,artifact_or_table,11
270,revision/artifacts/smoke_custom_fp32b/roberta-base/training_dynamics_val.csv,artifact_or_table,146
520,revision/artifacts/smoke_custom_fp32b/roberta-base/training_dynamics_val.csv,artifact_or_table,13
450,revision/artifacts/smoke_custom_fp32b/roberta-base/training_dynamics_val.csv,artifact_or_table,12
400,revision/artifacts/smoke_custom_fp32b/roberta-base/training_dynamics_val.csv,artifact_or_table,6
850,revision/artifacts/smoke_custom_fp32b/roberta-base/training_dynamics_val.csv,artifact_or_table,10
1200,revision/artifacts/smoke_custom_fp32b/roberta-base/training_dynamics_val.csv,artifact_or_table,1
2050,revision/artifacts/smoke_custom_fp32b/roberta-base/training_dynamics_val.csv,artifact_or_table,3
1640,revision/artifacts/smoke_custom_fp32b/roberta-base/val_predictions.csv,artifact_or_table,2
750,revision/artifacts/smoke_custom_fp32b/roberta-base/val_predictions.csv,artifact_or_table,2
1150,revision/artifacts/smoke_custom_fp32b/roberta-base/val_predictions.csv,artifact_or_table,2
780,revision/artifacts/smoke_custom_fp32b/roberta-base/val_predictions.csv,artifact_or_table,4
300,revision/artifacts/smoke_custom_fp32b/roberta-base/val_predictions.csv,artifact_or_table,5
270,revision/artifacts/smoke_custom_fp32b/roberta-base/val_predictions.csv,artifact_or_table,141
520,revision/artifacts/smoke_custom_fp32b/roberta-base/val_predictions.csv,artifact_or_table,7
450,revision/artifacts/smoke_custom_fp32b/roberta-base/val_predictions.csv,artifact_or_table,3
400,revision/artifacts/smoke_custom_fp32b/roberta-base/val_predictions.csv,artifact_or_table,3
2050,revision/artifacts/smoke_custom_fp32b/roberta-base/val_predictions.csv,artifact_or_table,1
5000,revision/artifacts/smoke_custom_fp32b/roberta-base/hf_model/tokenizer.json,documentation,17
3360,revision/artifacts/smoke_custom_fp32b/roberta-base/hf_model/tokenizer.json,documentation,15
1640,revision/artifacts/smoke_custom_fp32b/roberta-base/hf_model/tokenizer.json,documentation,15
1800,revision/artifacts/smoke_custom_fp32b/roberta-base/hf_model/tokenizer.json,documentation,17
1300,revision/artifacts/smoke_custom_fp32b/roberta-base/hf_model/tokenizer.json,documentation,16
750,revision/artifacts/smoke_custom_fp32b/roberta-base/hf_model/tokenizer.json,documentation,102
1150,revision/artifacts/smoke_custom_fp32b/roberta-base/hf_model/tokenizer.json,documentation,15
1530,revision/artifacts/smoke_custom_fp32b/roberta-base/hf_model/tokenizer.json,documentation,15
780,revision/artifacts/smoke_custom_fp32b/roberta-base/hf_model/tokenizer.json,documentation,102
300,revision/artifacts/smoke_custom_fp32b/roberta-base/hf_model/tokenizer.json,documentation,205
270,revision/artifacts/smoke_custom_fp32b/roberta-base/hf_model/tokenizer.json,documentation,202
520,revision/artifacts/smoke_custom_fp32b/roberta-base/hf_model/tokenizer.json,documentation,102
450,revision/artifacts/smoke_custom_fp32b/roberta-base/hf_model/tokenizer.json,documentation,202
400,revision/artifacts/smoke_custom_fp32b/roberta-base/hf_model/tokenizer.json,documentation,206
850,revision/artifacts/smoke_custom_fp32b/roberta-base/hf_model/tokenizer.json,documentation,103
1200,revision/artifacts/smoke_custom_fp32b/roberta-base/hf_model/tokenizer.json,documentation,17
2050,revision/artifacts/smoke_custom_fp32b/roberta-base/hf_model/tokenizer.json,documentation,16
750,revision/artifacts/smoke_custom_out/roberta-base/training_dynamics_train_epoch.csv,artifact_or_table,16
1150,revision/artifacts/smoke_custom_out/roberta-base/training_dynamics_train_epoch.csv,artifact_or_table,1
780,revision/artifacts/smoke_custom_out/roberta-base/training_dynamics_train_epoch.csv,artifact_or_table,9
300,revision/artifacts/smoke_custom_out/roberta-base/training_dynamics_train_epoch.csv,artifact_or_table,1
270,revision/artifacts/smoke_custom_out/roberta-base/training_dynamics_train_epoch.csv,artifact_or_table,15
520,revision/artifacts/smoke_custom_out/roberta-base/training_dynamics_train_epoch.csv,artifact_or_table,13
450,revision/artifacts/smoke_custom_out/roberta-base/training_dynamics_train_epoch.csv,artifact_or_table,7
400,revision/artifacts/smoke_custom_out/roberta-base/training_dynamics_train_epoch.csv,artifact_or_table,5
850,revision/artifacts/smoke_custom_out/roberta-base/training_dynamics_train_epoch.csv,artifact_or_table,6
1200,revision/artifacts/smoke_custom_out/roberta-base/training_dynamics_train_epoch.csv,artifact_or_table,1
2050,revision/artifacts/smoke_custom_out/roberta-base/training_dynamics_train_epoch.csv,artifact_or_table,10
1640,revision/artifacts/smoke_custom_out/roberta-base/training_dynamics_val.csv,artifact_or_table,2
1800,revision/artifacts/smoke_custom_out/roberta-base/training_dynamics_val.csv,artifact_or_table,1
750,revision/artifacts/smoke_custom_out/roberta-base/training_dynamics_val.csv,artifact_or_table,27
1150,revision/artifacts/smoke_custom_out/roberta-base/training_dynamics_val.csv,artifact_or_table,2
780,revision/artifacts/smoke_custom_out/roberta-base/training_dynamics_val.csv,artifact_or_table,14
300,revision/artifacts/smoke_custom_out/roberta-base/training_dynamics_val.csv,artifact_or_table,10
270,revision/artifacts/smoke_custom_out/roberta-base/training_dynamics_val.csv,artifact_or_table,26
520,revision/artifacts/smoke_custom_out/roberta-base/training_dynamics_val.csv,artifact_or_table,23
450,revision/artifacts/smoke_custom_out/roberta-base/training_dynamics_val.csv,artifact_or_table,10
400,revision/artifacts/smoke_custom_out/roberta-base/training_dynamics_val.csv,artifact_or_table,5
850,revision/artifacts/smoke_custom_out/roberta-base/training_dynamics_val.csv,artifact_or_table,8
2050,revision/artifacts/smoke_custom_out/roberta-base/training_dynamics_val.csv,artifact_or_table,5
1640,revision/artifacts/smoke_custom_out/roberta-base/val_predictions.csv,artifact_or_table,1
750,revision/artifacts/smoke_custom_out/roberta-base/val_predictions.csv,artifact_or_table,22
1150,revision/artifacts/smoke_custom_out/roberta-base/val_predictions.csv,artifact_or_table,2
780,revision/artifacts/smoke_custom_out/roberta-base/val_predictions.csv,artifact_or_table,4
300,revision/artifacts/smoke_custom_out/roberta-base/val_predictions.csv,artifact_or_table,6
270,revision/artifacts/smoke_custom_out/roberta-base/val_predictions.csv,artifact_or_table,21
520,revision/artifacts/smoke_custom_out/roberta-base/val_predictions.csv,artifact_or_table,17
450,revision/artifacts/smoke_custom_out/roberta-base/val_predictions.csv,artifact_or_table,4
400,revision/artifacts/smoke_custom_out/roberta-base/val_predictions.csv,artifact_or_table,2
850,revision/artifacts/smoke_custom_out/roberta-base/val_predictions.csv,artifact_or_table,4
2050,revision/artifacts/smoke_custom_out/roberta-base/val_predictions.csv,artifact_or_table,5
5000,revision/artifacts/smoke_custom_out/roberta-base/hf_model/tokenizer.json,documentation,17
3360,revision/artifacts/smoke_custom_out/roberta-base/hf_model/tokenizer.json,documentation,15
1640,revision/artifacts/smoke_custom_out/roberta-base/hf_model/tokenizer.json,documentation,15
1800,revision/artifacts/smoke_custom_out/roberta-base/hf_model/tokenizer.json,documentation,17
1300,revision/artifacts/smoke_custom_out/roberta-base/hf_model/tokenizer.json,documentation,16
750,revision/artifacts/smoke_custom_out/roberta-base/hf_model/tokenizer.json,documentation,102
1150,revision/artifacts/smoke_custom_out/roberta-base/hf_model/tokenizer.json,documentation,15
1530,revision/artifacts/smoke_custom_out/roberta-base/hf_model/tokenizer.json,documentation,15
780,revision/artifacts/smoke_custom_out/roberta-base/hf_model/tokenizer.json,documentation,102
300,revision/artifacts/smoke_custom_out/roberta-base/hf_model/tokenizer.json,documentation,205
270,revision/artifacts/smoke_custom_out/roberta-base/hf_model/tokenizer.json,documentation,202
520,revision/artifacts/smoke_custom_out/roberta-base/hf_model/tokenizer.json,documentation,102
450,revision/artifacts/smoke_custom_out/roberta-base/hf_model/tokenizer.json,documentation,202
400,revision/artifacts/smoke_custom_out/roberta-base/hf_model/tokenizer.json,documentation,206
850,revision/artifacts/smoke_custom_out/roberta-base/hf_model/tokenizer.json,documentation,103
1200,revision/artifacts/smoke_custom_out/roberta-base/hf_model/tokenizer.json,documentation,17
2050,revision/artifacts/smoke_custom_out/roberta-base/hf_model/tokenizer.json,documentation,16
5000,revision/artifacts/smoke_custom_v3/roberta-base/training_dynamics_train_epoch.csv,artifact_or_table,1
3360,revision/artifacts/smoke_custom_v3/roberta-base/training_dynamics_train_epoch.csv,artifact_or_table,2
1640,revision/artifacts/smoke_custom_v3/roberta-base/training_dynamics_train_epoch.csv,artifact_or_table,1
1800,revision/artifacts/smoke_custom_v3/roberta-base/training_dynamics_train_epoch.csv,artifact_or_table,1
1300,revision/artifacts/smoke_custom_v3/roberta-base/training_dynamics_train_epoch.csv,artifact_or_table,1
750,revision/artifacts/smoke_custom_v3/roberta-base/training_dynamics_train_epoch.csv,artifact_or_table,6
780,revision/artifacts/smoke_custom_v3/roberta-base/training_dynamics_train_epoch.csv,artifact_or_table,11
300,revision/artifacts/smoke_custom_v3/roberta-base/training_dynamics_train_epoch.csv,artifact_or_table,7
270,revision/artifacts/smoke_custom_v3/roberta-base/training_dynamics_train_epoch.csv,artifact_or_table,26
520,revision/artifacts/smoke_custom_v3/roberta-base/training_dynamics_train_epoch.csv,artifact_or_table,7
450,revision/artifacts/smoke_custom_v3/roberta-base/training_dynamics_train_epoch.csv,artifact_or_table,3
400,revision/artifacts/smoke_custom_v3/roberta-base/training_dynamics_train_epoch.csv,artifact_or_table,5
850,revision/artifacts/smoke_custom_v3/roberta-base/training_dynamics_train_epoch.csv,artifact_or_table,6
2050,revision/artifacts/smoke_custom_v3/roberta-base/training_dynamics_train_epoch.csv,artifact_or_table,1
5000,revision/artifacts/smoke_custom_v3/roberta-base/training_dynamics_val.csv,artifact_or_table,2
3360,revision/artifacts/smoke_custom_v3/roberta-base/training_dynamics_val.csv,artifact_or_table,3
1640,revision/artifacts/smoke_custom_v3/roberta-base/training_dynamics_val.csv,artifact_or_table,4
1300,revision/artifacts/smoke_custom_v3/roberta-base/training_dynamics_val.csv,artifact_or_table,1
750,revision/artifacts/smoke_custom_v3/roberta-base/training_dynamics_val.csv,artifact_or_table,14
1150,revision/artifacts/smoke_custom_v3/roberta-base/training_dynamics_val.csv,artifact_or_table,8
780,revision/artifacts/smoke_custom_v3/roberta-base/training_dynamics_val.csv,artifact_or_table,8
300,revision/artifacts/smoke_custom_v3/roberta-base/training_dynamics_val.csv,artifact_or_table,24
270,revision/artifacts/smoke_custom_v3/roberta-base/training_dynamics_val.csv,artifact_or_table,24
520,revision/artifacts/smoke_custom_v3/roberta-base/training_dynamics_val.csv,artifact_or_table,25
450,revision/artifacts/smoke_custom_v3/roberta-base/training_dynamics_val.csv,artifact_or_table,22
400,revision/artifacts/smoke_custom_v3/roberta-base/training_dynamics_val.csv,artifact_or_table,15
850,revision/artifacts/smoke_custom_v3/roberta-base/training_dynamics_val.csv,artifact_or_table,8
1200,revision/artifacts/smoke_custom_v3/roberta-base/training_dynamics_val.csv,artifact_or_table,2
1640,revision/artifacts/smoke_custom_v3/roberta-base/val_predictions.csv,artifact_or_table,1
750,revision/artifacts/smoke_custom_v3/roberta-base/val_predictions.csv,artifact_or_table,4
1150,revision/artifacts/smoke_custom_v3/roberta-base/val_predictions.csv,artifact_or_table,2
780,revision/artifacts/smoke_custom_v3/roberta-base/val_predictions.csv,artifact_or_table,1
300,revision/artifacts/smoke_custom_v3/roberta-base/val_predictions.csv,artifact_or_table,7
270,revision/artifacts/smoke_custom_v3/roberta-base/val_predictions.csv,artifact_or_table,5
520,revision/artifacts/smoke_custom_v3/roberta-base/val_predictions.csv,artifact_or_table,4
450,revision/artifacts/smoke_custom_v3/roberta-base/val_predictions.csv,artifact_or_table,3
400,revision/artifacts/smoke_custom_v3/roberta-base/val_predictions.csv,artifact_or_table,2
5000,revision/artifacts/smoke_custom_v3/roberta-base/hf_model/tokenizer.json,documentation,17
3360,revision/artifacts/smoke_custom_v3/roberta-base/hf_model/tokenizer.json,documentation,15
1640,revision/artifacts/smoke_custom_v3/roberta-base/hf_model/tokenizer.json,documentation,15
1800,revision/artifacts/smoke_custom_v3/roberta-base/hf_model/tokenizer.json,documentation,17
1300,revision/artifacts/smoke_custom_v3/roberta-base/hf_model/tokenizer.json,documentation,16
750,revision/artifacts/smoke_custom_v3/roberta-base/hf_model/tokenizer.json,documentation,102
1150,revision/artifacts/smoke_custom_v3/roberta-base/hf_model/tokenizer.json,documentation,15
1530,revision/artifacts/smoke_custom_v3/roberta-base/hf_model/tokenizer.json,documentation,15
780,revision/artifacts/smoke_custom_v3/roberta-base/hf_model/tokenizer.json,documentation,102
300,revision/artifacts/smoke_custom_v3/roberta-base/hf_model/tokenizer.json,documentation,205
270,revision/artifacts/smoke_custom_v3/roberta-base/hf_model/tokenizer.json,documentation,202
520,revision/artifacts/smoke_custom_v3/roberta-base/hf_model/tokenizer.json,documentation,102
450,revision/artifacts/smoke_custom_v3/roberta-base/hf_model/tokenizer.json,documentation,202
400,revision/artifacts/smoke_custom_v3/roberta-base/hf_model/tokenizer.json,documentation,206
850,revision/artifacts/smoke_custom_v3/roberta-base/hf_model/tokenizer.json,documentation,103
1200,revision/artifacts/smoke_custom_v3/roberta-base/hf_model/tokenizer.json,documentation,17
2050,revision/artifacts/smoke_custom_v3/roberta-base/hf_model/tokenizer.json,documentation,16
780,revision/_labels_import/FODE_Labels_Only/bridge_race_responses.csv,artifact_or_table,90
270,revision/_labels_import/FODE_Labels_Only/bridge_race_responses.csv,artifact_or_table,30
520,revision/_labels_import/FODE_Labels_Only/bridge_race_responses.csv,artifact_or_table,120
450,revision/_labels_import/FODE_Labels_Only/bridge_race_responses.csv,artifact_or_table,60
780,revision/_labels_import/FODE_Labels_Only/e6_ratings.csv,artifact_or_table,2
450,revision/_labels_import/FODE_Labels_Only/e6_ratings.csv,artifact_or_table,2
780,revision/_labels_import/FODE_Labels_Only/e6_ratings_R1.csv,artifact_or_table,1
450,revision/_labels_import/FODE_Labels_Only/e6_ratings_R1.csv,artifact_or_table,1
780,revision/_labels_import/FODE_Labels_Only/e6_ratings_R2.csv,artifact_or_table,1
450,revision/_labels_import/FODE_Labels_Only/e6_ratings_R2.csv,artifact_or_table,1
400,_revision_materials/sn-article.tex,manuscript_text,1
850,_revision_materials/sn-article.tex,manuscript_text,1
78.5,_revision_materials/sn-article.tex,manuscript_text,1
