item_order,question_id,article,question,option_a,option_b,option_c,option_d,answer_letter
1,middle6374.txt_q1,"Jack Brown was very quiet as Dr. Johnson examined him. The doctor looked at the boy's throat , took his temperature and listened to his heart . Finally, he asked Jack's mother a few questions
""When did Jack begin to feel ill?"" ""This morning when he got up. He said he felt too sick to go to school today."" ""What did he eat for breakfast?"" ""He got orange juice, two pieces of bread, an egg and a glass of milk."" I see,"" the doctor asked Jack, ""How do you feel now,My boy?"" Jack answered ""Terrible, I think I'm going to die The doctor said, ""You won't die. In fact, you'll be fine by dinner time."" ""Oh, doctor! Do you really think so?"" Jack's mother looked very glad, Dr. Johnson answered, ""Mrs. Brown, you son has a sickness that is common to boys at a time like this. It comes and goes quickly.
Mrs. Brown said, ""But I don't understand."" ""Today,"" the doctor told her, ""the most exciting football final of the World Cup is on TV. If Jack feel well enough to watch TV this afternoon, and I think he does. He will be fine when the final is over. It's the only cure  I know of this sickness. Now, if you'll excuse me, I must go across the street to see the Fords boy, Steve. He seems to have the same thing as Jack has today.""",Jack's mother   _,was happy.,thought Jack was really ill.,rang the doctor and asked many questions,examined Jack,B
2,middle4032.txt_q0,"For this little boy,it was the coldest winter.In that winter,his father lost a leg in an accident. He couldn't go out to work again.From then on,his father became another person. He often lost his temper and beat him.
One night, the boy was walking slowly lonely on the street. He passed a lovely small shop, He looked at some nice packages  of coffee quietly for a long time. An idea came into his mind .He knew his father loved coffee and he knew stealing was no good.But all he could think of was his father's smile.He soon put a package of coffee into his jacket and ran back home.He gave the coffee to his father,who gave a smile that the boy had missed for so long.But,unfortunately,before his father could taste the coffee,the shopkeeper broke in and caught the boy. His father beat him again.
Years later, he became a successful businessman. One day, his mother called and said his father wanted to see him. Busy working, he refused. Weeks later, he heard the sad news that his father had _ . When he went through the relics  ,he found an old box.Inside the box was the coffee that he had stolen from the shop.On the cover was his father's handwriting:""The gift from my son.""There was also a letter:""Dear son,I'm a failure as a father.  But I also have a dream--to own a coffee shop, where I can make cups of coffee for you. I'm sorry I didn't make it.""
Sadness suddenly occupied him. He regretted not meeting his father for the last time, and decided to complete his father's dream. After quitting his own job, he started a coffee business.
The coffee business is now a huge success. And the little boy is Howard Schultz--the owner of the multinational corporation Starbucks.",Why did the boy's father become a different person?,Because the boy didn't study very hard.,Because he lost a leg and couldn't support the family.,Because he lost an arm in an accident.,Because it was the coldest winter.,C
3,high11521.txt_q4,"Oliver Twist was born in a workhouse, and when he arrived in this hard world, it was very doubtful whether he would live beyond the first three minutes. He lay on a hard little bed and struggled to start breathing.
Oliver fought his first battle without much assistance from the two people present at his birth. One was an old woman, who was nearly always drunk, and the other was a busy local doctor, who was not paid enough to be very interested in Oliver's survival.  _ 
However, Oliver managed to draw his first breath, and then announced his arrival to the rest of the workhouse by crying loudly. His mother raised her pale young face from the pillow and whispered, ""Let me see the child, and die.""
The doctor turned away from the fire, where he had been warming his hands. ""You must not talk about dying yet,"" he said to her kindly. He gave her the child to hold. Lovingly, she kissed the baby on its forehead with her cold white lips, then stared wildly around the room, fell back--and died. ""Poor dear!"" said the nurse, hurriedly putting a green glass bottle back in the pocket of her long skirt.
The doctor began to put on his coat. ""The baby is weak and will probably have difficulties,"" he said. ""If so, give it a little milk to keep it quiet."" Then he looked at the dead woman. ""The mother was a good-looking girl. Where did she come from?""
""She was brought here last night,"" replied the old woman. ""She was found lying in the street. She'd walked some distance, judging by her shoes, which were worn to pieces. Where she came from, where she was going to, or what her name was, nobody knows.""
The doctor lifted the girl's left hand. ""The old story,"" he said sadly, shaking his head. ""No wedding ring, I see. Ah! Good night.""
And so Oliver was left with only the drunken nurse. Without clothes, under his first blanket, he could have been the child of a king or a beggar. But when the woman dressed him later in rough cotton clothes, yellow with age, he looked exactly what he was--an orphan in a workhouse, ready for a life of misery, hunger, and neglect.
Oliver cried loudly. If he could have known that he was a workhouse orphan, perhaps he would have cried even more loudly.
There was no one to look after the baby in the workhouse, so Oliver was sent to a special ""baby farm"" nearby. There, he and thirty other children rolled around the floor all day, without the inconvenience of too much food or too much clothing. Mrs Mann, the old woman who ""looked after"" them, was very experienced. She knew what was good for children, and a full stomach was very dangerous to their health. She also knew what was good for herself, so she kept for her own use the money that she was given for the children's food. The board responsible for the orphans sometimes checked on the health of the children, but they always sent the beadle, a kind of local policeman, to announce their visit the day before. So whenever the board arrived, of course, the children were always neat and clean.
This was the way Oliver was brought up. Consequently, at the age of nine he was a pale, thin child and short for his age. But despite frequent beatings by Mrs Mann, his spirit was strong, which was probably the reason why he managed to reach the age of nine at all.
On Oliver's ninth birthday, Mr Bumble, the beadle, came to the house to see Mrs Mann. Through the front window Mrs Mann saw him at the gate, and turned quickly to the girl who worked with her.
""Quick! Take Oliver and those others upstairs to be washed!"" she said. Then she ran out to unlock the gate which was always kept locked.",What is the passage mainly about?,Oliver's early life.,Oliver's personality.,Mother's death.,People's selfishness.,A
4,middle435.txt_q0,"Can you remember a world before the Internet? If you answer is ""no,"" then you are probably a millennial. Millennials are the new generation of young Americans. They were born between 1982 and 1992. There are 33 million of them, and they are just starting to enter the workforce . Many experts believe that millennials are different from young Americans of past generations. They also believe that millenials will change the workforce in important ways.
How are millennials different? They are the first generation born in the computer age. The internet has always been a part of their lives. They spend about 16 hours a week on the Internet, and this doesn't include e-mail. And they spend 72 hours a week using other electronic media , including mobile phones and video games. They are ""nation speakers"" of the language of the computer age. People who were born earlier will never be native speakers of that language. Why not? They did not grow up ""speaking"" it.
How will millennials change the workforce? To answer that question, it is important to understand how millennials use the Internet. They use the Internet to communicate. They visit website such as FaceBook and MySpace every day. They share ideas, music, information, games, and friendships with people all over the world. When they start working, they will want to share their work and ideas with others.
It is also important to understand the way millennials grew up. Thair parents and teachers gave them a lot of attention. They taught them that their opinions were valuable . As a result, amny millennials are very cinfident. At work, they will expect their co-workers and bosses to listen to their opinions.
Millennials also grew up with a lot of structure in their lives. Many of them went to school from the age of two or three and played on sports teams. At work, they will expect the rules to be clear. They will also expect a strong but fair boss, like a coach on a sports team. They will follow the person in charge   if he or she is fair. But they will not follow an unfair boss. They will also expect their work to be fun and creative, similar to their experience on a sports team.
These are a few of the changes that experts believe millennials will bring to the American workforce. But the world is changing very fast. There will probably be more changes that are difficult to imagine today.",Which is the main reason that make the experts believe millennials are different from young Americans of past generations?,Millennials can speak a better native language.,Millennials grow up with computers and Internet.,Millennials use mobile phones and e-mails often.,Millennials spend long hours playing video games.,B
5,high10154.txt_q2,"I walked down the hall heading to see my 88-year-old grandma who had been in hospital. Each member of the family was taking turns sitting with her because of her dementia  . As I did I looked very carefully at some of the rooms on this wing of the hospital, and it seemed that almost every bed held an elderly person. Some appeared to be confused, and some just looked lonely. I couldn't help but notice that there was no family there, no one to care them, and no one to reduce the ache of loneliness. My heart broke inside me.
They are aging, with withered   skin on their faces and hands, their eyes look tried, and yet no one notices them. Could it be that we are far too busy to slow down and give a moment of our time to anyone that may swerve   us off the course we are traveling on? Are we afraid of those who have come before us to pave the way, afraid that they carry some awful disease that if we get too close we might catch it?
Whatever the case may be, one day we will be those same people that we long to avoid. We pay thousands of dollars for staying young, and we may turn up the music to forget the thoughts of getting older. But, try as we might, time and age will catch up with us.
We seem to have come to detest   the elderly. While we once held them in high regard and honor, always enjoying their stories of history, we now see them as a pain, always in our way. Isn't it time we wake up?
So, next time you see a withered hand extended in need, or peer into the eyes of a lonely aging face, don't run or look away. Remember, it might just be you in that place one day.",What can we learn from the passage?,Time will tell the truth.,People are afraid of being old.,A doctor is important to old people.,Respecting elderly people is a good tradition.,B
6,high19218.txt_q1,"There are two things I can count on my dad asking every time he calls me: ""Is there anything I can do for you?"" and ""How's the car?"" I guess he asks what he can do for me because his dad (an air force officer) was never really there for him, and he's determined to provide me with the support he lacked. During my youth he never missed a school play or softball game. In fact, he wasso supportive that I sometimes longed for one of those dads who dressed better and cared less. But my dad would forever be the guy wearing shorts with dress shoes and black socks, cheering me on, expecting greatness. 
His other standard question - How's the car? - used to strike me as a waste of long-distance dollars from a man who once suggested making a list of what you want to talk about before calling someone out of state. What I now realize is that ""How's the car?"" is not about the car. It's a father's way of asking his adult daughter how she is doing. The advantage is that if there's something wrong with the car, he knows what to do about it and how much it will cost, whereas if you're having problems about marriage or doubting a career choice, he might have to act Mom on the line. 
At age thirty I finally took the plunge   into adulthood by renting a car without my dad's help or advice. I'm sure my dad was hurt rather than proud. Though a daughter's independence is evidence of a job well done, it still implies the job's done, and many fathers are unwilling to retire. Even when my dad was overworked, he'd happily jump on a plane if I said I needed help. His frequent question ""Is there anything I can do for you?"" underlines the fact that he wishes there was still something he could provide. It's interesting: even though we're tied by blood and I love him no matter what, he still seems to need a concrete function - suggesting stocks, finding the cheapest plane fare - to feel he has a role in my life.","The author has learned that by asking ""How is the car?"", her father is actually   _  .",asking his daughter if the car breaks down or not,reminding her not to waste money,expressing his concern for her daughter's safety,asking how his daughter is getting along,D
7,high22615.txt_q1,"Men spend more time getting ready to go out than women, according to research.
On average, men spend 81 minutes a day on personal preparing before going out, including cleansing(...), toning and using moisturizer , shaving, styling hair and choosing clothes, the study found, while women have their beauty preparation down to a fine art and get hair, clothes and make-up done in just 75 minutes.
The research, carried out for Travelodge, found that on an average morning men spend 23 minutes in the shower, compared to 22 minutes for women. Men then take 18 minutes on their shaving work, compared to 14 minutes for women despite them having to shave legs, armpits and bikini line. Men take a bit longer - 10 minutes - on cleansing, toning and using moisturizer.
Choosing a proper outfit is also a time-consuming operation for men who want to look their best. They take 13 minutes to finish it, compared to 10 minutes for women.
The study also found that the average British person does not _ in terms of the true value of their washing bag. When quizzed, the average adult estimated their washing bag with contents to be worthPS52.23, while in reality the bag of essentials is worth nearly three times more at PS156.69.
A spokeswoman for Travelodge said they had seen a rise in the number of washing bags being left behind in their 487 hotels. In the last 12 months, hotel staffs have spent hundreds of hours uniting 10,000 washing bags with their owners.
In one case, a customer paid more thanPS100 for a person to pick up her washing bag, which she had left behind in a London hotel - the designer washing bag had nearly PS1,000 worth of washing items.","In terms of choosing proper clothes, how much time do men need?",10mins,13mins,14mins,22mins,B
8,high14500.txt_q0,"New research has shown that you might not just be feeling blue; you may also be seeing it differently. Your mood may affect how you see the world around you, according to a new study. A team of researchers has proved that sadness could have an effect on the way we see colors.
The team, led by psychology researcher Christopher Thorstenson of the University of Rochester, found that people who had a sad mood were less accurate in identifying colors on the blue-yellow axis  , compared to people who weren't feeling sad.
""We were already deeply familiar with how often people use color terms to describe common phenomena, like mood, even when these concepts seem unrelated,"" Thorstenson said in a statement. ""We thought maybe a reason why these metaphors   appear was that there really was a connection between mood and identifying colors in a different way.""
Thorstenson and his team are not the first to identify a link between a depressed mood and a difference in recognition. In 2010, Emanuel Bubl and his team at Albert Ludwigs University Freiburg in Germany first proved a link between mood and identifying colors. This was supported by a 2013 paper by Johnson Fam of the University of Singapore.
The team conducted two studies. In the first, 127 participants were chosen _ to watch one of two video clips, which had been proved in previous studies to feel either sadness or amusement. They didn't do that in a specific order. The entire group was then tasked with identifying the colors in 48 continued color changes. The group that had been shown the sad clip was measurably worse at identifying colors along the blue-yellow axis.
For the second study, 130 participants were randomly assigned to watch either a sad clip or a neutral   one. The sadness group showed reduced ability to identify colors along the blue-yellow axis than the neutral group.","If one   _  , the colors he sees might be different from those in others' eyes.",is in a good mood,has an eye illness,attends a speech,doesn't feel happy,D
9,middle7443.txt_q1,"This year the US will honour  one of the country's most famous writers--Mark Twain (1835-1910). Most readers know that his real name was Samuel Longhome Clemens, but how many know where the pen name ""Mark Twain"" came from?
The answer shows Clemens' colorful early life before he became a writer. ""Mark Twain"" was the cry shouted on a ship when the ship entered a part of a river that was two fathoms (6 feet) deep. ""Twain"" is an old-fashioned way of saying ""two"". Twain trained as a ship pilot on the Mississippi river for two years, a time that he wrote about in the humourousLife on the Mississippi (1883).
The famous river would become an important theme in many of his works--who could forget the journey of the Huck and Jim along it in his most famous book. The Adventures of Huckleberry Finn (1884)?
With little education, he had to teach himself how to write stories. Whenever possible, he would go to public libraries. There he spent much time reading and thinking, which greatly helped him with his writing.
On the other hand, his life experiences gave him wonderful material to write about and attract readers. Twain wrote in a style that has been called ""local colour"" because it shows great knowledge of local people and their customs.
This _ is very clear in the two books for which Twain is still celebrated today. The Adventures of Tom Sawyer (1876) and its follow-up The Adventures of Huckleberry Finn, which many people call ""The Great American Novel"".
The most amazing invention in the book is the voice of Huck himself. Huck did not enjoy schooling. It shows in the way he uses language, in a spoken style. Only a master like Twain could copy the way a young southern boy talked so well.","Which is the most suitable place in the passage for the sentence. ""Twain did not come from the writer's background you might expect""?",At the beginning of Paragraph 2.,At the beginning of Paragraph 3.,At the beginning of Paragraph 4.,At the beginning of Paragraph 5.,C
10,high24267.txt_q1,"As a young ice skater, I had flown pretty high, pretty quickly. My partner and I won the Canadian junior pairs championship when I was 14. Later I was thrilled to be picked to skate in the 1994 Olympics in lillehammer, Norway. But then everything came down. 
   We finished the 12th at the Games. I soon quit double skating and tried to continue in singles. But I wasn't good enough; I didn't even compete in the next two national championships. I felt like I was a somebody who had become a nobody. 
   I was 18 and had just graduated from high school, when my mum told me, ""You can't just depend on skating to make a living. You'd better find a job."" I knew she was right. So I found a job at a restaurant where I waited at tables and did anything else that needed to be done. In fact, I worked so hard that I had never got the chance to have a break. No one cared that I had been an Olympic skater; I was judged only by how hard I worked. 
   That job taught me so many things. I learned, for example, how to deal with people. As an athlete, this was new to me. One day a man loudly called me over to his table and complained, ""This milk is sour. I am not drinking this junk! I want my money back! "" It was near the end of my shift   and I wanted to tell him how rude I thought he was. But I had learned that ""the customer is always right"" and a smile can go a long way. ""I'm really sorry, sir. I'll get you a free cup."" I said with a smile. When I brought him his coffee, his attitude changed. And he left me a tip! 
   My first job taught me that it is important to do your best at anything you try. I knew nothing about being a waitress when 1 started my job but by the time I left when 1 decided to return to skating -- I had earned a raise and my boss's praise. They meant so much to me.",What did the author do about the man's complaint?,She told him how rude he was.,She gave his money back.,She asked her boss for help.,She apologized with a smile.,D
11,middle4527.txt_q1,"Sometimes...
Sometimes I feel lonely,
Like I'm by myself with no one here.
When I'm that way, I call a friend.
My lonely mood  soon disappears .
Sometimes I feel excited,
Like I have some news I have to share!
My friends open their ears to me.
They always listen, talk, and _ .
Sometimes I feel so sad,
Like my world is cold and darkest blue.
At those times my friends let me know
They're with me, standing strong and true.
Sometimes I feel mixed-up,
Like I just don't know how I should feel.
My friends then help me _ 
What's right and wrong, what's false and real!","Please think of a word to complete the sentence ""They always listen, talk, and  _  "".",care,read,dance,sing,A
12,middle2473.txt_q1,"During the last winter holiday, I went to China with my parents. The five-day trip left me with a deep impression.
As the capital of China, Beijing is a very beautiful city with fresh air and clean streets which make the travelers feel very pleased. To my surprise, many people there were learning English. Later I was told that they did so because Beijing would hold the 29th Olympic Games and they wanted most foreigners to understand them. They strictly kept the traffic rules. When there was a red light, no one was seen crossing the street.
Of all the places I visited, I liked the Summer Palace best. To our surprise, although it was winter when we were there, we still saw green trees and many fresh flowers. The whole park was very beautiful. We visited a very modern football field. We were told the buildings where the Olympic Games would be held were even better than that. I also enjoyed skiing in Xiangshan. Skiing is an interesting and exciting sport liked by many people.
In my eyes, China is a nice place and Chinese people are very kind. In Beijing Station, there were so many people, and most of them were going home to spend the Spring Festival--the most important Chinese festival, with their families. Passengers helped each other carry luggage , and they were very kind to foreigners. We were given a card by the hotel we stayed at, on which was the address of the hotel. With the card we never got lost in the city.
The five days passed quickly, but the trip left me a lot of sweet memories.
.",The writer enjoyed   _   in Xiangshan.,skating,swimming,skiing,board-skating,C
13,middle4988.txt_q3,"When a young man was 16, his father seriously said to him, ""I'll give you whatever you want before you are 18. But after that, I won't care much about you, and you should give me whatever I want."" When his 18th birthday was coming, the young man began thinking about looking for a job. So he sent his resumes to many companies he liked on the Internet. ""However, most got no replies,"" he said. ""Maybe they were surprised about my primary school education.""
By chance, one of his friends was looking for someone, who could work as an egg porterin the supermarket, for half a dollar a box. Facing lots of difficulties in getting a job, he said, ""I'll take this job. At least I can make some money for my gas."" Then every day, he drove his car, his 18th birthday gift, to work in the supermarket. He did that for three months.
Later, he heard that a newspaper was looking for a network technician ,so he asked for it. But they were also worried about his school education He practiced his skill right in front of the computer, and showed the managers the web pages he had made. He started to work the next day, and became the leader  of the network departmentin less than a year.
And now, the 23-year-old man is a boss. Last year, he started a magazine for children, with himself as the editor in chief  .And the only writer was his father.",The magazine that the young man started was perhaps about  _  .,computer science,funny stories,foreign news,network,B
14,high9625.txt_q1,"When Joan gave birth to the first boy in her family in three generations, she and her husband were overjoyed. So were her parents. Joan expected her elder sister, Sally, to be just as delighted as them. Joan had always admired Sally--the beauty and the star of the family--and felt happy about her achievements.
But since the baby's arrival, the sisters have become distant. Joan feels hurt for Sally seems completely uninterested in her baby. Sally, who has no children, claims that her younger sister ""acts as if no one ever had a baby before.""
Neither Sally nor Joan understands that the real cause of the current coldness is that their family roles have suddenly changed to the opposite. Finally Joan seems to be better than her elder sister--and Sally doesn't like it! Their distance may be temporary, but it shows that childhood competition don't fade easily as ages grow. It can remain powerful in relationships throughout life.
In a study of the University of Cincinnati, 65 men and women between ages 25 and 93 were asked how they felt about their brothers and sisters. Nearly 75 percent admitted having hidden competitive feelings. In a few cases, these emotions were so strong as to have affected their entire lives.
Many adult brothers and sisters are close, supportive--yet still tend to compete. Two brothers I know turn into killers when on opposite sides of a tennis net. Off the court, they are the best of friends. My own younger sister can't wait to tell me when I've put on weight. However, she's a terrible cook and that pleases me; I tease her when she comes to dinner. Happily, despite these small failings, we have been an important resource for each other.
In between the very competitive and the generally supportive children lie those who say that no friendship should survive. _ . Why do these puzzling, unproductive, often painful relationships continue to exist?",What happens to children's desire to compete with their brothers and sisters?,It sometimes will disappear when they grow up.,It will never disappear throughout life.,It will improve their relationships when they grow up.,It will never harm their relationships when they grow up.,B
15,middle7284.txt_q1,"Mr. Smith likes playing cards at night and goes to bed very late. He often oversleeps . Mrs. Smith has to wake him up ,so he won't be late for work.
One day,they have a big fight . They do not speak to each other. In the evening,Mr. Smith gives his wife a piece of paper. The paper says ""Call me at seven o'clock in the morning"". Then he goes to bed.
The next morning,when Mr. Smith wakes up,it's already 9:00. He is very angry. He gets up and puts on his clothes. He finds another piece of paper on the table. ""It's seven o'clock. Get up!""",Why does Mr. Smith oversleep?,He works very hard.,He can't sleep at night.,He goes to bed late.,He watches TV too late.,C
16,middle3775.txt_q2,"In the USA, people prefer waiting for a table to sitting with people they don't know. If you're sitting at a table with people you don't know, it's impolite to smoke without first asking if it will disturb them.
In American restaurants and coffee shops you are usually served cold water before you order. You may find the bread and butter is free, and if you order coffee, you may get a free refill .
Most cities and towns have no rules about opening and closing times for stores or restaurants, though they usually do make rules for bars. Especially in large cities, stores may be open 24 hours a day.
Servings in restaurants are often large, too large for many people. If you can't finish your meal but would like to have the food later, ask your waiter or waitress for a--' doggie bag"". It may have a picture of a dog on it, but everybody knows you're taking the food for yourself.
Supper and dinner are both words for the evening meal. Some people have "" Sunday dinner"". This is an especially big noon meal.
Tips are not usually added to the check. They are not included in the price of the meal, either. A tip of about 15% is expected and you should leave it on the table when you leave. In some restaurants, a check is brought on a plate and you put your money there. Then the waiter or waitress brings you your change.
,.","""Sunday dinner""in this passage is  _  .",a big supper on Sunday,a big lunch on Sunday,a big lunch on the weekends,a big dinner every day,C
17,middle6261.txt_q2,"The population of the world is increasing rapidly. By 2020, there could be 7.5 billion people on the earth. Will there be enough food for all these people? Some scientists think fish farming might solve this problem. However, other scientists worry that fish farming could bring serious environmental problems.
Fish farming is not a new thing. There were fish farms in China 3,000 years ago. Today, about one third of the fish we eat comes from fish farms.
Most fish farms raise plant-eating fish. Popular kinds of plant-eating fish are carp, tilapia, and catfish. However, many fish farms are starting to raise meat-eating fish. A popular type of meat-eating fish is salmon. However, it takes up to 5 tons of wild fish to produce just 1 ton of farm-raised salmon. So if this continued, many types of wild fish could become _ .
Critics   of fish farming also say that farm-raised fish is unhealthy. They say there are dangerous chemicals   in the fish. They also say fish farming pollutes the water. Some people say that the ways of farming being used now won't produce enough fish anyway. Instead of building fish farms in lakes or near the coast, they say that the fish farms could be moved far out into the ocean. In the future, fish farms might be large cages that move to the ocean.",How many reasons do the critics hold against the fish farming?,2.,3.,4.,5.,A
18,high18392.txt_q0,"This past Christmas season, I went to visit my parents. During the visit, I found the letters  written by my parents to each other during the war in the attic . The letters were piles high,dirty and had not been touched for decades. I asked Mother and Father if I could take the lettersback to my home. They agreed.As I opened each letter, all of them delicate with age, I discovered a new page in this private part of my parents' lives. My father served in the army. His letters were full of frontline  descriptions, and they continued all the way through the battle. Each of my mother's letters was  sealed with a lipstick kiss. Father wrote that he sealed his return letters by rekissing her lipstick  kiss. How they had been missing each other! I finished reading six months of the letters and  discovered there were at least eleven months missing. Maybe they were lost forever.
Not long after our Christmas visit, Father became very ill and was in hospital. I went to the hospital to see him. As I sat by his bedside, he told me how much receiving those lipstick-kissed letters had meant to him when he had been so far from home.
Later that evening, Mother and I revisited the attic in search of the lost letters. Finally we dug them out of Mother's old college trunk. The next day was Valentine's Day, and we went to the hospital. At my father's bedside, I showed him an old envelope. His curiosity was aroused.
When he carefully opened the letter, he recognized it and his eyes were filled with tears. He read the love messages that had been delivered years before to my mother in a quavery  voice.
This Valentine's Day, we were lucky that we had everything.",What can we learn about the letters found in the attic?,There were a lot of them.,They were stored carefully.,They were read every now and then.,They were written when the author was young.,C
19,middle641.txt_q0,"From old times, India has been a good friend of China. The two big Asian countries now work more closely on border problems, trade   and IT.
India is an interesting and mysterious( )country with a long history. Around 2,000 BC, Indian civilization   was born. It is one of the four oldest civilizations in the world.India is also the birthplace of  Buddhism  .A famous  Chinese novel, ""A Journey to the West"", is about a Chinese monk   who tried very hard to learn about Buddhism from India.
The book comes from a true story. Xuanzang, a Buddhist monk was sent to India by the King of the Tang Dynasty.After many years, he brought back lots of Buddhist books. The name ""India"" was first used by Xuanzang in his work.
Today, religion  is still an important part of Indian culture. There are many religions there. Most Indian people believe in Hinduism  .In India, cows are very special animals because  Hinduism  says they are holy  . So Indians don't sell or eat beef.Like China,
India is a developing  country with a large population . It has  about 1.03 billion people compared to China's 1.3  billion.  More than two thirds of  Indians still live a poor life in the countryside.
India has no birth control so its population is growing fast. By 2030, India could even have more people than China.
Hindi   is the mother tongue of Indian people. But Britain took India in 1757 and stayed there until 1947. Because of this, English slowly became the other official  language.",Why don't Indians sell or eat beef?,Because they don't like it.,Because they are afraid of getting ill.,Because they see cows as holy animals.,Because beef is very expensive.,C
20,middle4287.txt_q4,"Hi, my name is Millie. I'm from New York. I'm living in a small town in the UK now. The name of the town is Ketton. It's very far from the centre of the city. There is only one main road in this town. You can see a shop ,a restaurant and a beer bar along the road. There is a church in the centre of the town. Most of the people here go to the church on Sunday morning. There is a lake and a forest  to the east of the town. People often go for picnics there.
My house is not very big. It has two bedrooms, a kitchen, a bathroom and a glass room. I grow some flowers in the glass room, too. I often read books and drink tea there. I really like this room because I can enjoy the beautiful sunshine in it. I often talk with my friends there too.
I teach English in a local school. My life is quiet and happy. I love it.",Which of the following is NOT true?,Millie is an English teacher.,Millie can go to the church in the centre of the town.,Millie's house is very big.,Millie enjoys her life in Ketton.,D
21,middle1132.txt_q1,"In many parts of the world, people live to a healthy old age. What is the secret of their long lives?
Three things are very important: fresh air, fresh food and a simple way of life. People who live in Himalayas  are famous for their long and healthy lives. They work near their homes in the clean mountains. They don't have buses, cars or trains. They don't sit all day in busy offices. They take more exercise and eat less food than people in the cities. They eat vegetables grown by themselves. They drink milk taken from their own cows. For years, the Hunzas of the Himalayas don't need doctors, for there is not much illness. They are happy and healthy people.",Which one is NOT true about the people living in Himalayas?,They live a simple life in the mountains.,They grow vegetables and milk cows themselves.,"When they are ill, they don't go to see doctors.",They don't sit all day in busy offices.,C
22,middle364.txt_q2,"What will the house of the future look like? Architects   believe that there are all possibilities. The only thing for sure is that the house will be as green as possible.
The tree house
Many architects in the world would like to build a ""tree house."" Like a leaf, the surface   of the house collects sunlight during the day. The energy can be used to heat water, produce electricity, and even create fresh air for the home. The ""root"" of the house is deep under the ground.
The lizard   house
Like a lizard, changing color with the weather is the most important design of a lizard house. When it's in the bright sun, the cover of the house will turn dark to protect it from strong heat. During dark days, it turns white and takes in as much light and heat as possible to produce energy.
Meals at home
It has gardens on the outside wall of the house. People can plant tomatoes, carrots and green tea on them. So every day in the morning, you just need to walk outside and collect your meals.
Learning from the past
Looking to the future isn't the only way to be green. Sometimes, ancient techniques   can also help cut down energy use. For example, a chimney can be a useful air conditioner because it is easier for hot air to flow out at the chimney.",People can't plant   _   on the outside wall of the house according to the passage.,tomatoes,potatoes,carrots,green tea,B
23,middle487.txt_q1,"The story is about a young student.She worked very hard at her lessons.She worked so hard that she became ill.She couldn't go to sleep at night.But when she got up the next morning, she felt very tired.
So she went to see a doctor.Hearing the student's words, the doctor said, ""You are too stressed out.You must eat more yin foods like vegetables and tofu Besides , you can try to count numbers when you are lying in bed.By the time you count one thousand, you will be asleep .I'm sure of it.""
The next day, the student came to see the doctor again.""Well,"" said the doctor, ""How are you feeling today? ""The student still looked tired.""Not very well,"" she said."" I tried to count one , two, three, four., up to one thousand.But when I counted five hundred and sixty, I felt sleepy.I had to get up and drink some coffee so that I could go on counting up to one thousand.But then I still couldn't be asleep.",What did the doctor ask the young student to do?,To eat more yin foods and count numbers when she was lying in bed in the evening.,To exercise more in the morning.,To do more reading.,To take some medicine.,A
24,middle2612.txt_q0,"Islamabad, Pakistan, June 22nd---Two mountain climbers surprisingly survived   a fall of over 500 feet on the 25,530-foot mountain in Pakistan, Saturday. The two climbers were climbing an ice-covered wall of the mountain when they suddenly lost their footing and fell about 560 feet to a narrow snow-covered ledge  below. ""We were lucky that ledge was there,"" said the climbers, ""Otherwise, we would have fallen over 2,000 feet."" If the ledge had not been there, the two climbers almost certainly have met their death. ""It's a wonder,"" the climbers said, ""that we landed on the ledge, and the snow was loose enough to cushion  our fall. We're thankful that we survived.""
When a reporter asked them if they planned to give up mountain climbing after their narrow escape , the two climbers replied, ""Not at all. We'll be going back up there just as soon as we get out of the hospital.""",The mountain climbers survived because   _  .,they had fallen only 500 feet down,of the ledge and the loose snow on it,of their strong bodies,they were very good climbers,B
25,middle6875.txt_q0,"Walking certainly isn't the safe activity it was when many of us were school children. There are the normal safety risks such as speeding vehicles and errant(,)bicycles. Here are a few tips for dads of children who are early morning and late afternoon pedestrians.
Know the routes  your children take. Develop a safe walking route to school and insist that your children follow it. Avoid having them cross busy streets except where there is a signal or a crossing guard. If your child does not make it to school or home and if you have a standard route, it will be easier to track them down.
Have your children walk with others. This may seem a simple rule, but it is one that is often _ . A boy or a girl alone is a much easier target for a predator . Make sure the children walk in a group. And besides, it is a lot more fun for them.
Follow generally smart pedestrian rules. Remind them to use sidewalks where possible. If there are no sidewalks, walk on the side of the road as far to the right as possible. Where possible, walk on the side of the road facing oncoming traffic so they can see anypotential risks before they get to them.",Walking certainly is the   _   activity it was when many of us were school children.,dangerous,safe,healthy,harmful,A
26,high20820.txt_q1,"Books are a high cost of higher education. But the Global Text Project hopes to create a free library of one thousand electronic textbooks for students in developing countries.
  The aim is to offer subjects that students may take in their first few years at university. The books could be printed or read on a computer or copied onto a CD or DVD.
  Richard Watson is the acting head of the department of management information systems at the University of Georgia,who says the idea goes back several years. He was teaching a computer programming class but did not have a good textbook. So he asked his students each to write part of the book that he would organize and edit. By the end of the term, Professor Watson had a finished product. Since then he has used it for other classes. Now, Professor Watson is seeking volunteers to supervise  the creation of books for the library. He is looking for professors or other professionals.
  The Global Text Project is similar in technology to Wikipedia, the free encyclopedia (a reference work containing articles on a wide range of subjects) that anyone can edit on the Internet. But only one or two people will be able to make the final edits in texts. 
  The project includes a committee  of scholars, mostly from developing countries, to advise on required textbooks and their contents.
  The group's first book on information systems is being tested in Ethiopia and Indonesia. The plan is to offer about ten free books within the next year, including an English grammar text. Project organizers also want to offer textbooks in Arabic, Chinese and Spanish. They are working with a translation company and students could also get involved. For example, a student learning English in an Arab country could translate part of a book into Arabic. Then another student and the class professor could check the translation.",The committee of the Global Text Project definitely consists of   _  .,volunteers who are learning foreign languages,scholars from developing countries,some professors or other professionals from developing countries,students from developing countries,B
27,middle4899.txt_q3,"Mr. Brown's house was less than two miles from his office, so he could drive home every day for lunch. Every time he drove home at noon, he found many cars outside his house and there was no room for his own car. He had to drive somewhere else to park his car. Then he walked back home. This made him very angry.
He put up a board in the garden facing the road. The board said, ""No Parking"". But nobody noticed it. People seemed to obey only a police notice with white letters on a blue board:
POLICE NOTICE
NO PARKING
Mrs. Brown asked his husband to steal a police notice but he was afraid to do so. Then she asked him to make one just like a police notice. Mr. Brown said he was not the police and couldn't use the word ""police"". Several days later, Mr. Brown made a blue board with white letters.
POLICE NOTICE,
NO PARKING
""Oh!"" Mrs. Brown said. ""You told me you weren't going to use the word 'police', but why do you use it now?"" ""Really?"" he asked.
""Look again,"" she started to laugh. ""You are really clever"".","In the end, Mr. Brown made a notice board and it   _  .",was just the same as a police notice,was different in color from a police notice,just looked like a police notice,"said ""POLICE NOTICE, NO PARKING""",D
28,high18736.txt_q2,"Every night I have to go over the books he has learned from in class, signing each page to show the teacher that I have understood what the children have already done. 
My child waits for me to play with him while I have my nose buried in his books. 
""Have you done your homework yet, mom?""
At least once a week we are handed fliers about various events going on, while the homework keeps piling up. 
And while my son throws his books in his bag every day quite happily, it's my responsibility to check he has everything he needs, that his lunchbox is washed and dry, that his water bottle is clean and full. 
My child is sailing through the classes, especially, of course, English, in which they have been asked to choose an English name and decorate a nameplate for lessons. 
My son, who already has an English name, has chosen another one, Harry. 
Wu Shenhao, a little boy from my child's kindergarten, has chosen Helen. The girl who sits next to him has chosen Peter. 
English is the one lesson I am not trapped with illegible  requests and homework. The kind teacher has decided to let us off this one. 
With 42 children in a class I have piles of respect for the teachers who sustain their devoted, detailed training of these young minds. 
Perhaps with the homework load they are causing some kind of revenge on the parents who have produced these little charges, and in doing so have caused them all this work.  
To my little boy, it's all good fun with a bit of writing and numbers thrown in. 
He loves most of it, especially the weekly flagraising ceremony, which, while a little surprising to the little ones, is at least accompanied by lively music and bright red flags.",How do the children feel about homework?,They feel it's heavy and don't finish willingly.,They are glad to finish their homework and get rewards.,They hate the teachers to give them so much work.,Some of them treat some homework as good fun.,B
29,high18210.txt_q2,"The average British women's waistline  has grown by 2 inches in 10 years, all thanks to the sedentary  lifestyle.
A study conducted by Cancer Research prefix = st1 /UKscientists found that the average waistline of British women has increased from 31.8 inches to 33.5 inches.
Men are also nowhere behind the fairer sex, for the research found that the average man's waistline has grown by 1.4 inches to 38 inches.
 ""We know high body weight increases the risk of a number of cancers and it is important we get this message out to as many people as possible,"" the Daily Mail quoted Dr Lesley Walker, of Cancer ResearchUK, as saying.
 ""A healthy diet with plenty of fiber, fruit and vegetables, as well as regular exercise can help people lose weight and reduce their risk of cancer,"" he added.
The trend was found to be obvious in the under 45s, where the proportion of men with a body mass index  over 35, and of women with a BMI of over 40, has grown twice during the decade.
Lead researcher Professor Jane Wardle said it is possible that young people follow a less healthy lifestyle than their elders.
 ""Snacking habits, takeaway meals high in fat and sedentary lifestyles where many people spend both work and leisure time sitting in front of a computer are all likely to contribute to the results.""
She added that genetics  also play an important role in the growing rate of getting fat.",Which is the best title of the passage?,British women's waistlines have grown,It is easy for the English to get fat,It is easy for the English to suffer from cancer,The English have a less healthy lifestyle,A
30,middle1097.txt_q4,"As young students, you have many dreams. These dreams can be very big, such as winning the Nobel Prize; they can also be small, such as becoming one of the best students in your class.
Once you find a dream, what do you do with it? Do you ever try to make your dream real? Follow Your Heart by Andrew Matthews, an Australian writer, tells us that making our dreams real is life's biggest challenge. You may think you're not very good at some school subjects, or that it is impossible for you to become a writer. Those kinds of ideas stop you from realizing your dream, the books says.
In fact, everyone can realize his dream. The first thing you must do is to remember what your dream is. Don't let it leave your heart. Keep telling yourself what you want every day and then your dream will come true faster. You should know that a big dream is, in fact, made up of many small dreams.
You must also never give up your dream. There will be difficulties on the road to your dreams. But the biggest difficulty comes from yourself. You need to decide what is the most important. Studying instead of watching TV will help you to get better exam results, while saving five yuan instead of buying an ice cream means you can buy a new book.
As you get closer to your dream, it may change a little. This is good as you have the chance to learn something more useful and find new hobbies.",Studying TV will help you to get better exam results   _   watching TV.,with,instead of,without,by,B
31,high1481.txt_q2,"Basic Study Manual    Hardcover: $ 37.50
Future success depends on the ability to learn. Here are the answers to the questions most often asked by parents, teachers, business trainers and by students themselves. Read this book and learn:
* What the three barriers to study are and what to do about them
* What to do if you get tired of a subject you are studying
* Twenty-six simple drills to help you learn how to study easily, rapidly and with full understanding
Buy and read theBasic Study Manualand use it to dramatically improve your ability to study.
Study Skills for Life    Hardcover: $31.99
L. Ron Hubbard's study technology for teenagers opens the door to their future success by giving them the ability to study and learn. Fully illustrated for easy comprehension.
Learning How to Learn   Hardcover: $24.99
The basics of effective study for 8 to 12-year-olds, fully illustrated. Children who read and apply the materials in this book regain their liking for study and their ability to apply this knowledge in life. Get this book for a child you want to see win at his studies!
How to Use a Dictionary Picture Book for Children   Hardcover: $34.90
In spite of billions of dollars spent on 'educational research', children are not taught the most basic skills of learning, even the most basic of these: how to use a dictionary. In fact, a search of educational books for children found no book that told them how to use a dictionary or that one should. Written for children 8 to 12-year-olds, this fully illustrated book will teach your child:
* How to find words in a dictionary
*The different ways that words are used
* What the different marks and symbols that are used in a dictionary mean
* How to use a dictionary to correctly pronounce words
It includes a section for parents and teachers showing you how to use this book with children. Buy this book and give it to your children to unlock their education.
What's more, you'll just pay 50% for it before May 1, 2006.","If you buy the four books on April 1, 2006, your will have to pay   _   for them.",$129.38,$49.18,$64.69,$34.90,B
32,middle1097.txt_q2,"As young students, you have many dreams. These dreams can be very big, such as winning the Nobel Prize; they can also be small, such as becoming one of the best students in your class.
Once you find a dream, what do you do with it? Do you ever try to make your dream real? Follow Your Heart by Andrew Matthews, an Australian writer, tells us that making our dreams real is life's biggest challenge. You may think you're not very good at some school subjects, or that it is impossible for you to become a writer. Those kinds of ideas stop you from realizing your dream, the books says.
In fact, everyone can realize his dream. The first thing you must do is to remember what your dream is. Don't let it leave your heart. Keep telling yourself what you want every day and then your dream will come true faster. You should know that a big dream is, in fact, made up of many small dreams.
You must also never give up your dream. There will be difficulties on the road to your dreams. But the biggest difficulty comes from yourself. You need to decide what is the most important. Studying instead of watching TV will help you to get better exam results, while saving five yuan instead of buying an ice cream means you can buy a new book.
As you get closer to your dream, it may change a little. This is good as you have the chance to learn something more useful and find new hobbies.",What idea stops you from realizing your dream?,I can't be a writer.,I am good at some school subjects.,I think I am very great,I am the best student in our class.,B
33,middle5625.txt_q1,"Mike is standing in front of the blackboard and speaking like a teacher. The boy does not see her and is still standing there. The children begin to laugh and he looks round and finds Miss White is standing behind him, so he runs back to his seat.
""Morning, class,"" says Miss White. ""Morning, Miss White."" Ann stands up and says,
""Sam and I are on duty today. Sixteen boys and eighteen girls are all here."" Sixteen boys? Who doesn't come today?"" asks Miss White. ""Bill and his family move to London."" ""Oh, I see,"" Miss White says. But she sees a cat on the teacher's desk. She asks, ""Who draws the cat here?"" No child answers, but they are looking at Mike. So she says, ""Can you answer the question, Mike?"" He has to say, ""I am sorry, I do."" ""You are too bad."" ""It's not my _ . Why do you let Bill leave?""",Miss White thinks there are   _   students in Mike's class.,32,33,34,35,D
34,middle2662.txt_q0,"It's the lunchtime break at Shanghai Xianxia Middle School. No mobile phones can be heard ringing anywhere. The common sight of crowds of children chatting on their phones or sending short messages has disappeared .
A grade-2 student said: ""I couldn't concentrate  during classes if the phone was with me. I couldn't help checking if there were messages or missed phone calls. I even played games on the phone sometimes.""
The school leaders say they feel the ban  is necessary to keep order in class. They even gave out an open letter to remind parents not to let their children bring mobile phones to school. More than 96 percent of parents say they welcome the school decision. The school is also being flexible in _ the ban. Those students who live far from school are allowed to bring mobile phones to call their parents. But they still have to turn them off in classrooms.
Medical experts  have also welcomed the school decision. They say too much dependence on mobile phones can cause many psychological problems in school students.",The passage mainly tells us about  _  .,whether the mobile phone should be used at school by students,the harm the mobile phone may cause to middle school students,different opinions between school leaders and medical experts,a ban on the use of mobile phones by students in a middle school,D
35,high7780.txt_q2,"Travel to China is a lifetime experience and a better way to understand China. Only when you are there, you may start to appreciate and understand what a difference to live in a nation with a population of 1.3 billion.
China offers variety choices for visitors. If you are interested in Chinese history, Chinese culture and Chinese scenery, your trip will be very fulfilled and very interesting. If you want to enjoy a peaceful sunshine beach holiday, there are plenty of tourist areas along the coastal line, which have unspoiled beaches and luxury hotels for visitors. In Hainan Island, the beautiful Sanya beaches are opened the whole year around and there is no winter in this island. If you want excitements and nightlife, stay in big cities. There are many places every night for international gathering. If you are adventurers, go to remote areas to watch wild life or visit minorities  to see how they live in the hillsides or desert. If you are sporty, take a cycle trip along the countryside, enjoy the rural  life and meet with Chinese people long the route.
You may have heard or read a lot about China from books, newspapers, magazines and TV programs. Some of them are true but most of them are out of date, incorrect or even false. China is different from many of your previous experiences and may shock you in many ways. This is what China is!
This country is changing and progressing every day. Yet it is still a developing country. After the economic reform, most of the developments concentrate in major cities and remote areas  are still very backward. China is a very populated nation and people have to cope with the crowded environment. Foreign visitors may not get used to the mentality of the people and sometimes become frustrated with the situation, which they never experienced before. Basically Chinese are reserve, peaceful and nice. They are very polite too but in their own way. When a foreigner is willing to take a more positive attitude to recognize the difference, the trip will become worthwhile or you may ruin your trip completely by unreasonable expectation and misjudgment of the people in general.",This passage might be from   _  .,advertising,newspaper,novel,newsreport,B
36,high5222.txt_q1,"Language is a major problem for the European Union (EU). The agreement or treaty   which created the organization that eventually became the EU, the Treaty of Rome, stated that each country's language must be treated equally. The original six countries had only three languages between them: French. German and Dutch/Flemish. However, there are now 15 countries in the EU, with a total of 12 languages. EU documents must be translated into all these languages, and at official meetings the speeches must be translated into all the languages by interpreters.
All this translating is very expensive and time-consuming  . it is said that nearly half of all employees of the EU are engaged in translating documents and speeches, and nearly half of the EU's administrative  costs are spent on this task. In the near future it is probably that several more countries, most of them having their own languages, will join the EU, thus making the situation even worse.
The problem is not just cost: there are practical difficulties as well. With 12 languages, there are 132 possible ""translation situations"" that might be needed. It is often' difficult to find people in the right place at the right time who can translate from (for example) Danish into Greek, or Dutch into Portuguese, at a high professional standard.
In practice the problem has been made less serious by the use of English in many contacts between EU officials, since almost all of them speak some English. However, any move to reduce the number of official languages (perhaps to four or five) would be a blow to the pride of the smaller countries. Another commonly suggested solution is to make English the official language for all EU business. However, powerful member countries like France and Germany are strongly against it.","According to the writer, the use of English in contacts among EU officials has   _  .",angered the officials who don't speak English,reduced the number of official languages,made the problem less serious,been opposed by powerful member countries,C
37,high9737.txt_q2,"When you buy a T-shirt, or a fur coat in a store , it often carries a label  telling who made it or from what store it was bought. Indeed, some labels show the dress is famous and it is very expensive, so buyers who deal with the cheapest products would be pleased to do away with labels entirely.
However, there is another label more important than the one showing from which store the dress was bought. When a person buys a fur coat, or a jacket , from a store , a label telling what the product is made of should be carried to it.
This label is required by law. Besides telling what the product on show is made of , the label should be in clear English and be where one can find it easily. The information on the label must be the truth.
The reason for this label is that most buyers today aren't expert enough to know exactly what kind of fur or material they are buying. The buyer must believe in the store that sells the products or in what the labels say.",Which of the following is true?,Not all buyers know the materials they are buying.,A fur coat with a high price often carries a false label.,A label only says what material the product is made of .,A T-shirt seldom carries a label.,A
38,high3507.txt_q2,"Remember how great exercise was when you were a little kid? Back then,racing around the playground or skipping rope for hours,you weren't thinking fitness,you were thinking entertainment.But in this age of high-tech home equipment and underused gym memberships,the simple joy of jumping rope has been forgotten.Rediscovering it will give you a total-body exercise you can find.
Although considered an excellent form of exercise,jumping rope has never gained widespread acceptance because of two fundamental reasons.First,most people recognize jumping rope as an excellent form of cardiovascular   exercise,but they also believe that it is simply too difficult.In other words,they don't think they'll be able to continue jumping for the near 20 minutes that it takes to achieve a beneficial physical result.Second, many view it as somewhat boring and too repetitive-not as something fun or enjoyable.
As a matter of fact,jumping rope can be great fun if you find a proper way to practise it.Instead of doing the usual two-foot bounce over and over again,people good at rope-jumping often change their pattern every 10 or 20 jumps.A single bounce,a double bounce,a skip,a knee-up,side swings,as well as a variety of other easy-to-learn free-style rope-jumping.
Now researchers are learning that jumping rope also prepares the brain for learning.It is an exercise allowing both brain hemispheres to perform in parallel to each other.In short,jumping rope can be a life-long activity requiring little equipment,time and space,yet leading to a much healthier life.",What is the author's attitude towards rope jumping?,He is arguing against it.,He is sitting on the fence of it.,He is in favor of it.,He is not clear about it.,C
39,high667.txt_q1,"If you live in a city where everyone rushes, realize that you don't have to be like everyone else.You can be different.
I can't give you a step-by-step guide to moving slower, but here are some things to consider and perhaps adopt, if they work for your life.
1.Do less
Cut back on your projects, on your task list, on how much you try to do each day.Focus not on quantity but on quality.Pick 2 or 3 important things-or even just one important thing- and work on those first.
2.Have fewer meetings
Meetings are usually a big waste of time and make you rush.Try to have blocks of time with no interruptions, so you don't have to rush from one meeting to another.
3.Give yourself time to get ready and get there
If you're constantly rushing to appointments or other places you have to be, it's because you don't allot  enough time in your schedule for preparing and for traveling.Pad your schedule to allow time for this stuff.If you think it only takes you 10 minutes to get ready for work or a date, perhaps give yourself 30 to 45 minutes so you don't have to shave in a rush or put on makeup in the car.
4.Practice being comfortable with sitting doing nothing
When people have to wait, they become impatient or uncomfortable.Try standing in a line and just watching and listening w people around you.It takes practice, but after a while, you'll do it with a smile.
5.Realize that if it doesn't get done, that's Ok.
There's always tomorrow.And yes, I know that's a frustrating attitude for some of you who don't like laziness or living without firm deadlines, but it's also reality.The world likely won't end if you don't get that task done today.Your boss might get mad, but the company won't _ and the life will inevitably go on.
Try these things out.Life is better when unrushed.
Remember the quote: If nature can get everything done without rushing, so can you.","If you think you need 10 minutes to get ready for the date with your boyfriend,   _  .",you don't have to put on makeup,you'd better squeeze about 35 minutes out for it,you should arrange 10 minutes for it,you should rush there,B
40,high20202.txt_q2,"How Much to Tip
You're out to dinner. The food is delicious and the service is fine. You decide to leave a big fat tip. Why? The answer may not be as simple as you think.
Tipping, psychologists have found, is not just about service. Instead, studies have shown that tipping can be affected by psychological reactions to a series of different factors from the waiter's choice of words, to how they carry themselves while taking orders, to the bill's total. Even how much waiters remind customers of themselves can determine how much change they pocket by the end of the night.
""Studies before have shown that mimicry   brings into positive feelings for the mimicker,"" wrote Rick van Baaren, a social psychology professor. ""These studies show that people who are being mimicked become more generous toward the person who mimics them.""
So Rick van Baaren divided 59 waiters into two groups. He requested that half serve with a phrase such as, ""Coming up!"" Those in the other half were instructed to repeat the orders and preferences back to the customers. Rick van Baaren then compared their take-home. The results were clear -- it pays to mimic your customer. The copycat  waiters earned almost double the amount of tips to the other group.
Leonard Green and Joel Myerson, psychologists at Washington University in St. Louis, found the generosity of a tipper may be limited by his bill. After research on the 1,000 tips left for waiters, cabdrivers, hair stylists, they found tip percentages in these three areas dropped as customers' bills went up. In fact, tip percentages appear to plateau   when bills topped $100 and a bill for $200 made the worker gain no bigger percentage tip than a bill for $100.
""That's also a point of tipping,"" Green says. ""You have to give a little extra to the cab driver for being there to pick you up and something to the waiter for being there to serve you. If they weren't there, you'd never get any service. So part of the idea of a tip is for just being there.""",We know from the passage that the writer seems to   _  .,object to Mr. Green's idea about tipping,think part of Mr. Green's explanation is reasonable,give his generous tip to waiters very often,support the opinions of Mr. Green and Rick van Baaren about tipping,D
41,middle1957.txt_q3,"All students need to have good study habits. When you have good study habits, you learn things quickly. You also remember them easily.
Do you like to study in the living room? This is not a good place because it is usually too noisy. You need to study in a quiet place, like your bedroom. A quiet place will help you only think about one thing, and you will learn better. Before you begin to study, do not forget to clean your desk. A good desk light is important, too. It's good for your eyes if there is enough light.
,.",_   is important for students to study well.,A high desk,A noisy place,An expensive chair,Enough light,D
42,middle2507.txt_q2,"At 7: 40 when Mrs. Fang is at breakfast, there comes a call. Twenty minutes later, she is with Ann, because she cannot stop her baby crying  . There, Mrs Fang helps Ann to wash her three-day-old baby. It is her first child and she is learning what to do. After that, Mrs Fang goes on to see Mr Johnson. His arm was broken  and cannot wash or put on his clothes himself. He must be looked after  every day.
Then Mrs Fang gets her second call that day. She goes to the home for the old. There she works with the old people till 2: 00 p. m. One by one, she answers their questions and helps them take their medicine .
This is her life. She is busy all day and sometimes she can get calls even late at night when someone needs help. She is busy, but she likes her job and enjoys helping others.",How many calls does Mrs. Fang get that day?,three calls,two calls,only one call,We don't know.,A
43,middle7646.txt_q1,"I'm Kate, and my sister is Gina. I am tidy, but Gina is not. In our room, my books and tapes are in the bookcase. My keys are in my schoolbag. I have a clock. It is on the desk. Gina's books are everywhere----on her bed, on her sofa and under her chair. The white model plane is hers. It is under the desk. "" Where is my ruler?"" ""Where are my keys?"" Gina always asks.",What does Kate have in the room?,Rulers.,The white model plane.,Tapes.,Beds.,C
44,high16321.txt_q4,"A
Like many other parts of our lives today, education has become a global enterprise. In microcosm , my school is proof of just how global. Monkseaton High School is an ordinary state-funded school of 850 students in the unfashionable part of northeastern England. Over the past seven years it has sent 12 students to American universities --- two of them to Harvard. Monkseaton has, in turn, attracted students from other countries, including Germany and Latvia. Monkseaton now almost routinely receives inquiries from students in Eastern European countries. Obviously, learning English is a big draw, but his pattern of student movement was unheard of five years ago.
The brain drain is a universal phenomenon, and countries that don't face up to the new reality will be losing some of their most precious resources. The northeast of England is its poorest region, and has experienced a severe loss of highly qualified professionals-to-be. Some of the most able 18-year-olds are going to other parts of Britain, even to other countries. What is happening here is happening to Britain as a whole. Most noticeably, there is a growing trend of British students taking degrees in American universities. This year the number will break the psychological barrier of 1,000 students for the first time.
And what is happening at the secondary-school level is happening to higher education. Wherever they come from, today's students have a very different perspective on education from their parents. Because of television, the Internet and their travels, these students see the world as a much smaller place than their parents once did. They are more confident in accepting the challenge of moving from one country to another, from one culture to another; in many cases they can even apply to schools over the Internet. Students are also more aware of the overall cost of education and are looking for value for money. Plus, for many, education linked to travel is a better option than education at home.",The purpose of the author in writing this passage is to    _   .,tell us the benefit of globalization of education,analyze the causes for students' moving trend in Great Britain,criticize the universal phenomenon of brain drain worldwide,draw attention to students' moving from one country to another,B
45,middle2074.txt_q2,"My Holiday Diary
Monday
My family is on holiday in Paris . It is a beautiful city. Today we all go on a bus tour  of the city and visit the Eiffel Tower.
Tuesday
Today we are in Disneyland ,Paris. There is so much to see and so many to ride. My brother and I love the fast rides like Thunder Mountain. My little sister loves all the Disney cartoon characters .The most famous ones are Minnie and Mickey Mouse. I don't want to leave .
Wednesday
Today is our last day in Paris. We go out for a special meal. It is sad to say goodbye.",What is Thunder Mountain?,It is a high mountain in Paris.,It's a tall tower.,It's a Disney cartoon characters,It's a fast ride.,D
46,middle6992.txt_q1,"My dad, over ninety years old now, sat weakly on the bench. He didn't move and just sat with his head down staring at  his hands. I sat down beside him. He didn't realize it and the longer I sat, the more I wondered if he was okay. Finally, not really wanting to disturb him but wanting to check on him, I asked him if he was okay. He raised his head and looked at me and smiled. ""Yes, I'm fine. Thank you for asking,"" he said in a clear strong voice. I said, didn't mean to disturb  you, Dad, but you were just sitting there staring at your hands and I wanted to make sure you were alright."" ""Have you ever looked at your hands?"" he asked. ""I mean really looked at your hands?"" I slowly opened my hands and stared down at them. I turned them over again and again.
Dad smiled and said, ""Stop and think for a moment about the hands you have. How have they served  you well throughout your years? Though these hands are thin and weak, they have been the tools I have used all my life.""
""That's right! They caught my fall when as a baby I crashed upon the floor. They put food in my mouth and clothes on my back. When I was a little girl, my mother taught me to fold them to pray. They tied my shoes and pulled on my boots. They dried the tears of my children. They wiped my tears when my son went off  to war,"" I said.
After that day, I never looked at my hands the same again.",Why did the writer ask her father if he was okay?,Because she wanted to disturb him.,Because she wanted to know if he was fine.,Because she missed him very much.,Because she wanted to chat with him.,B
47,high7524.txt_q1,"A tourist comes out of the airport. There are a lot of taxis, but he asks every taxi-driver's name, and takes the third taxi. It costs 5 from the airport to the hotel. ""How much does it cost for the whole day?"" the tourists asks. ""100,"" says the taxi-driver. This is very expensive, but the tourist accepts the price.
The taxi-driver takes the tourist everywhere. He shows him all monuments and all the museums. In the evening they go back to the hotel. The tourist gives the taxi-driver 100 and says, ""What about tomorrow?"" The taxi-driver looks at the tourist. "" Tomorrow? It's another 100 tomorrow."" But the tourist says, ""That's OK. If that's the price. See you tomorrow."" The taxi-driver is very pleased. The day the taxi-driver takes the tourist everywhere again. And in the second evening they go back to the hotel. The tourist gives the taxi-driver another 100 and says, ""I'm going home tomorrow."" He likes the tourist, above all, 100 a day is a good money. ""So you are going home, where do you come from?"" he asks.
""I come from New York.""
""New York!"" says the taxi-driver, ""I have a sister in New York. Her name is Susannah, Do you know her?""
""Of course I know her. She gave me 200 for you.""",Why is the taxi-driver very pleased with the tourist?,None but the tourist agrees to the price given without arguing with him,His sister knows the tourist.,His sister had brought so much money to him,He wants to be the guide of the tourist.,A
48,middle163.txt_q4,"When you are reading something in English, you may often meet with a new word. What's the best way to know it?
You may look it up in the English-Chinese dictionary. It will tell you a lot about the word: the pronunciation, the Chinese meaning and how to use the word. But how can you know where the word is thousands of English words? How to find it in the dictionary both quickly and correctly?
First, all the English words are arranged  in the letter order. In the dictionary you can first see the words beginning with letter A, then B, C, D.... That means, if there are two words ""desert"" and ""pull"", ""desert"" will be certainly before ""pull"". Then if there are two words both beginning with the same letter, you may look at the second letter. Then the third, the fourth... For example, ""pardon"" is before ""plough"", ""judge"" before ""just"", etc.
Do you understand how to look up in the dictionary?
The dictionary will be your good friend. I hope you'll use it as often as possible in your English study.",In the passage the writer tries to tell us that  _  .,we have to use a dictionary when we read something in English,an English-Chinese dictionary can tell us everything about a word,an English-Chinese dictionary can help us a lot in our English study,all English-Chinese dictionary are the same,A
49,middle8201.txt_q2,"A: Excuse me, Sonia. Is this your backpack?
B: No, it isn't. My backpack is here. You can ask the girl in red. I think it's hers.
A: OK. Excuse me. Is this your backpack?
C: Oh, yes.
A: Here you are.
C: Thank you very much.
A: That's all right. Oh, what's your name, please?
C: My name is Jenny.
A: Are you in Class Two?
C: No. I'm in Class Eight. And what's your name?
A: Ah, it's a secret. Goodbye.
C: Bye.",Jenny    _    in Class Two.,and Sonia are,is,is not,aren't,C
50,middle3554.txt_q1,"TV   Programs
Channel  1                  Channel  2
18:00 Around China                17:45 computer today
18:30 Children's programs          18:10 Foreign arts
19:00 News                      18:30 English classroom
19:30 Weather report              19:00 Animal world
19:40 Around the world            19:25 China 99
20:10 TV play: sisters              20:20 Sports
21:00 English for today            21:00 TV play: Guo Lanying
21:15 Popular music               21:45 English news
21:55 Talk show                  22:05 On TV next week",The program of   _   will let you know much about western  countries.,Sisters,Around China,Around the world,On TV next week,C
51,middle1989.txt_q1,"This is a true story in Guyana. One day, a child took some silver paper from a cigarette box. He rolled it into a tiny ball and pushed it up his nose. He couldn't get it out again. He ran crying to his mother. His mother couldn't get the paper out, either. A week later the paper was still in his nose. His nose began to have a bad smell.
So his mother took his child to the hospital. The doctor looked up his nose. She put a tiny steel rod  into his nose and felt the paper. She said she would have to cut his nose to get the paper out.
The child's mother came home looking sad. She didn't want her child to have his nose cut. He was a handsome boy and the cut would make him ugly.
Next day, the child's mother took him to her friend Sidney. Sidney lived in a house with an old woman called May. She asked to see the child, so the child let her look up his nose. He closed his eyes.
""Yes, I can see it,"" May said. ""It will be out soon!""
As she spoke, she shook black pepper on the child's nose. He gave a _ sneeze and the paper flew out. His mother was surprised. May told her to take the boy to the sea for a swim. She said the salt water would go up his nose and stop the bad smell.
So the child didn't have to go to the hospital and gave his nose cut.",Why did the boy's nose have a bad smell?,The ball stayed in his nose for too long.,The boy didn't like to wash his nose.,His nose is cut and gave a bad smell.,Because he had a running nose.,A
52,middle1155.txt_q2,"Michael and Derek are good friends, but they like to pull each other's leg sometimes. One day during the holidays they decided to go to London together. They went to the station and bought their tickets. When the train came in, Michael broaden in first and without knowing it, dropped his ticket in the platform as he got into the carriage . Derek, who was close behind saw the ticket fall and quickly picked it up. Without a word to his friend, he put it in his pocket.
After they had been in the train a little while, they heard the ticket inspector coming down the corridor, shouting, ""tickets, please!"" Michael looked for his and of course couldn't find it.
""Oh, dear, I can't find my ticket, Derek,"" he said.
""Have another look, Michael, it must be somewhere,"" said Derek.
""No, I can't find it anywhere. What shall I do?""
""Perhaps you had better hide under the seat, then the inspector won't know you are here."" So Michael crawled under the seat as fast as he could and lay perfectly still. Presently the door opened and in came the inspector, ""Tickers please!"" he said.
Derek handed him two tickets and said, ""This is mine. The other belongs to my friend, who prefers to travel under the seat.""","When the inspector came, Michael   _  .",hid himself as quickly as he could,remained perfectly still,was looking for his ticket,turned to Derek for help,A
53,high10775.txt_q0,"About a year ago, a couple with three children moved into the apartment next door to me. I never heard any noise from the children, but the parents were always _ at them.
We often met. I always spoke, but the only answer I ever got was a hello from a four-year-old girl. One day when I returned, they were just coming back to their apartment and the little girl was holding the door in the hall open for the others. I remained in the car doing unnecessary things. The parents were telling her to hurry. I looked up and saw the little girl was still holding the door open, waiting for me. I hurried as much as I could and thanked her. She was smiling from ear to ear.
That afternoon I was at the K-Mart and saw a white teddy bear. I thought of the little girl and said to myself, ""I bet she would like it."" So I bought it for her.
The next day there was a knock on the door and it was the little girl and her father. She was so proud of her bear and thanked me. Then I noticed her mother and the other children were there in the hall, too.
Now when we meet in the hall, we all speak in a friendly manner. Last night we had about four inches of snow. The temperature was below zero. When I opened the outside door, there was my car with all the snow removed. The man next door was the only person I knew in the whole building, so when I saw him the next day, I asked him if he was the nice person that removed the snow. He said NO. He wanted to, but his wife said she wanted to do it.
Isn't it amazing that the small kind act of a four-year-old girl can change so many things for the better?",Why did the author do unnecessary things in his car?,His neighbor yelled at him.,He did not know how to kill time.,The weather was cold outside.,He did not wanted to be embarrassed.,D
54,high169.txt_q3,"Every day when I enter the classroom, I will take a look at the wall beside my seat. You will find nothing special about this old wall if you just look at it. But for the students in my class, it is a special wall. Take a good look at it, and you will get to know the real feelings and thoughts of us, the 9th graders.
In the middle of the wall, there is a big ""VICTORY"". It was written in pencil. I guess it must have been written by someone who got a good mark in an exam.
A little higher above the formulas, there is a poem. It only has two sentences. It reads: All those sweet memories have disappeared. Like tears dropping in the heavy rain.           Oh! It must have been written at the end of the last semester in middle school. Classmates had to leave school and good friends had to _ . What a sad poem!
If you ""explore"" the wall more carefully, you will find many other interesting things, like a crying face, or a happy face, and other patterns . There are still some patterns and letters that I can't understand, but they all show the feeling of the students who drew them.
For years, the wall has witnessed  all the things that have happened in the classroom. I don't know how it will be next year, two years from now, or even ten years from now. But I hope more smiling faces will be drawn on it.",What's the title of the passage?,The Pictures of the Wall,The Feelings of the Students,The Patterns of the Classroom,The Hope of the Writer,C
55,middle1155.txt_q1,"Michael and Derek are good friends, but they like to pull each other's leg sometimes. One day during the holidays they decided to go to London together. They went to the station and bought their tickets. When the train came in, Michael broaden in first and without knowing it, dropped his ticket in the platform as he got into the carriage . Derek, who was close behind saw the ticket fall and quickly picked it up. Without a word to his friend, he put it in his pocket.
After they had been in the train a little while, they heard the ticket inspector coming down the corridor, shouting, ""tickets, please!"" Michael looked for his and of course couldn't find it.
""Oh, dear, I can't find my ticket, Derek,"" he said.
""Have another look, Michael, it must be somewhere,"" said Derek.
""No, I can't find it anywhere. What shall I do?""
""Perhaps you had better hide under the seat, then the inspector won't know you are here."" So Michael crawled under the seat as fast as he could and lay perfectly still. Presently the door opened and in came the inspector, ""Tickers please!"" he said.
Derek handed him two tickets and said, ""This is mine. The other belongs to my friend, who prefers to travel under the seat.""",Which is True according to the passage?,Derek helped Michael look for the ticket.,"Michael and Derek are good friends, but they sometimes fight each other.",Derek took Michael's ticket and hid it.,Michael didn't know who had picked up his ticket.,D
56,high14910.txt_q1,"The Leaning Tower of Pisa was straight like a pole when the construction began in 1173. It started to shift direction soon after construction because of poor foundation in addition to the loose layer of subsoil . At the beginning, it leaned to the southeast before the shaky foundation started to shift leaning towards the southwest. After the period of structural strengthening at the beginning of the 21stcentury, now the Leaning Tower of Pisa leans at an angle of 3.97 degrees.
In 1178, the shift in direction was observed for the first time when the construction had progressed further to the third floor. The tower was heavy for the three-meter foundation that was built on a weak area of land.
For compensating  the leaning position, the builders started to construct the upper floors with one side higher than the other one. This caused the tower to lean in the other direction. This unusual structure led to the tower being actually curved. In spite of these efforts, the tower kept on leaning.
The government of Italy started to plan prevention of the complete collapse of the tower in 1964. However, a request was put forward by the authorities to keep the leaning position because of the tourism industry of the region.
After nearly two decades of careful planning by engineers, historians and mathematicians, the stabilization efforts for the Leaning Tower of Pisa started in 1990. The tower was closed for the general public and the people living nearby moved away. For reducing the total weight of the tower, its seven bells which represented the seven musical notes were removed. The tower was reopened for the general public on December 15, 2001.
In May 2008, after removing another 70 metric tons of earth, the engineers announced that the tower had been finally stabilized and it would remain stable for at least 200 years.",People noticed the Leaning Tower of Pisa shift its direction   _  .,as soon as it was constructed,during the construction,at the end of the construction,as soon as it was completed,B
57,middle7094.txt_q2,"Tea is an important part of Chinese tradition. Tea has very close relationship to Chinese culture.
It is said that Chinese tea was discovered by King Shen Nong. People say that he lived 5,000 years ago. One summer day, while he was visiting a faraway part of his country, he felt very thirsty. The servants began to make water hot enough to turn into gas for him to drink. Dried leaves from a near plant fell into the water. The king drank some, and found it could make him feel less tried. Also as a scientist, Shen Nong was interested in the new dink. And so, tea was created in 2737 BC.
Drinking tea has many advantages. It makes people feel less tired, clears heat inside the human body and helps people lose weight. As you add a cup of tea to your daily life, please check the following helpful advice.
Drink it hot. Tea oxidizes  quickly, so it is suggested that you drink it hot.
Do not drink too much strong tea. It will probably be harmful to your stomach and make you feel sick if you make the tea too strong.
The best time to drink tea is between meals. It may not make you have a strong wish to eat when your stomach is full.
Do not drink with medicine. It many change the medical result. You can drink tea two hours after you take medicine.
Green tea is the best choice for office workers. Why? Because green tea helps stop the bad result of the computer.",What can we infer  from the passage?,Don't drink too much strong tea.,Not all office workers drink green tea,Tea is connected with Chinese culture closely.,King Shen Nong loved creating new things,D
58,middle2887.txt_q3,"Andy was a little country boy. He lived in the house on the side of a hill. There was a railroad track below the house and Andy often watched the train as it passed by.
One day, as Andy was crossing the track, he saw that there was something wrong with it. One of the rails seemed to be out of its place. Just then he heard a noise. Dear, dear! The train was coming! It would soon be there! He must try to stop it in some way.
Andy did not think of any danger to himself, but he ran and stood in the middle of the track, not far from the place where the rail was broken, and then he held out his arms and waited.
On and on came the train. The engineer saw the boy on the track and whistled for him to get out of the way. But Andy stood still and did not move.
The engineer had to stop the train. He was very angry as he cried out to the boy and asked him why he stood on track.
But when Andy pointed to the broken rail ,the man understood everything. Andy saved the train and the lives of all the people on it.","As soon as the engineer saw the boy on the track,  _  .",he asked Andy why he stood there,he shouted at Andy,he whistled for Andy to leave the track,he asked Andy to get out of the way,D
59,middle8161.txt_q4,"It is a cold and dry winter morning. When you wake up, you feel that your throat hurts. You begin to sneeze and later you may cough. You must have a cold! Wait a moment. Could it just be a common cold or the flu   that's been going around?
A cold gives you a runny nose and cough. But it's usually easy to deal with. Some take medicine while others drink herbal tea or chicken soup. Usually you feel better after a week.
On the other hand, the flu can be much more dangerous. It usually gives you fever. Sometimes it can cause death. According to an American magazine, the worst flu killed about 50 million people from 1918 to 1919.
Don't worry. If you get a flu vaccine  , it can stop you from getting the virus  . Flu vaccines work by giving the body a small amount of flu viruses. This causes your body to develop antibodies  . So next time you get the flu, the antibodies should help you.
The flu virus changes every few years. Therefore, there are so many types of flu, such as H1N1 and H5N1. The antibodies for one type of flu can't help us against all types of flu. That's why we need to get the vaccine every year.
However, good health habits may also help stop you developing a cold or flu. Washing your hands often helps stop you from getting viruses. It is also important to get regular exercise and eat healthy food. All these can help you strengthen your immune system  .",The following ways can help stop the flu EXCEPT    _   .,staying indoors,getting regular exercise,eating healthy food,washing our hands often,A
60,high21364.txt_q1,"My Aunt Edith was a widow  of 50, working as a secretary, when doctors discovered what was then thought to be a very serious heart illness.
       Aunt Edith doesn't accept defeat easily. She began studying medical reports in the library and found an article in a magazine about a well-known heart doctor. Dr. Michael DeBekey of Houston, Texas. He had saved the life of someone with the same illness. The article said Dr. DeBekey's fees were very high; Aunt Edith couldn't possible pay them. But could he tell her of someone whose fee she could pay?
       So Aunt Edith wrote to him. She simply listed her reasons for wanting to live her three children who would be on their own in three or four more years, and among them a little girl always dreamed of traveling and seeing the world. There wasn't a word of self-pity, only warmth and humor and the joy of living. She mailed the letter, not really expecting an answer.
       A few days later, my doorbell rang. Aunt Edith didn't want to come in; she stood in the hall and read aloud. Your beautiful letter moved me very deeply. If you can come to Houston, there will be no charge for either the hospital or the operation.
       Signed Michael DeBekey
       That was seven years ago. Since then, Aunt Edith has been around the world. Her three children are happily married. For her age, she is one of the youngest, most alive people I know.","After reading Dr. DeBekey's letter, Aunt Edith felt  _  .",discouraged,frightened,disappointed,encouraged,D
