seed,threshold,band_x_region_cramers_v,llm_incorrect_x_region_cramers_v,encoder_acc_MIDDLE,encoder_acc_HIGH,middle_gt_high,spearman_mean_prob_vs_enc_correct
0,p20_80,0.175359989978491,0.24468244419667998,0.7903899721448467,0.7238481599536366,True,0.7444653885248602
0,quartile_25_75,0.1715050824518111,0.24135219097178204,0.7903899721448467,0.7238481599536366,True,0.7444653885248602
0,tercile_33_67,0.16321690843826508,0.242587598218816,0.7903899721448467,0.7238481599536366,True,0.7444653885248602
1,p20_80,0.1721792336404014,0.22215048304770996,0.7848189415041783,0.7235583888727904,True,0.7458597141040404
1,quartile_25_75,0.1640146801686837,0.22109273430039594,0.7848189415041783,0.7235583888727904,True,0.7458597141040404
1,tercile_33_67,0.15027692637709747,0.2260583189597289,0.7848189415041783,0.7235583888727904,True,0.7458597141040404
2,p20_80,0.16432233969156476,0.23348601141552386,0.7834261838440112,0.718052738336714,True,0.7497884082693977
2,quartile_25_75,0.15972763593857098,0.23375645540951165,0.7834261838440112,0.718052738336714,True,0.7497884082693977
2,tercile_33_67,0.14595511984851806,0.22990653408446382,0.7834261838440112,0.718052738336714,True,0.7497884082693977
