variable,mean_subset,mean_full_rest,sd_subset,sd_full_rest,n_subset,n_full_rest,SMD,direction
empirical_correctness,0.5667623570495237,0.6720208866001331,0.1344565601531083,0.1607565882827427,944,26669,-0.7102887961417922,subset lower
EB_difficulty(shrunk_rate),0.5674952076441857,0.6710707950643953,0.13321220581689644,0.15319199383384421,944,26669,-0.7215290473222558,subset lower
attempt_count(n_attempts),2021.947033898305,575.2693764295624,1179.919653856317,655.2121080876487,944,26669,1.5159001615073837,subset higher
empirical_bucket_category=Human Easy,0.036016949152542374,0.24522854250253104,,,34,6540,,subset 3.6% vs rest 24.5%
empirical_bucket_category=Human Hard,0.1038135593220339,0.055532640893921785,,,98,1481,,subset 10.4% vs rest 5.6%
empirical_bucket_category=Human Mid,0.8601694915254238,0.6992388166035471,,,812,18648,,subset 86.0% vs rest 69.9%
shrunk_bucket_category=Human Easy,0.034957627118644065,0.23326708912970115,,,33,6221,,subset 3.5% vs rest 23.3%
shrunk_bucket_category=Human Hard,0.1038135593220339,0.047695826615171175,,,98,1272,,subset 10.4% vs rest 4.8%
shrunk_bucket_category=Human Mid,0.8612288135593221,0.7190370842551278,,,813,19176,,subset 86.1% vs rest 71.9%
