seed,predictor,or,ci_lower,ci_upper,p,n
0,z_mean_prob,0.2156058634464282,0.16376692069870735,0.28385395630661553,7.833150255876577e-28,4887
0,z_std_prob,0.9771649909070846,0.8383342328309671,1.138986554598885,0.7676442423407857,4887
0,last_correct,2.6856901493241154,1.5542682935530743,4.640724904506511,0.0003995295963777404,4887
1,z_mean_prob,0.2476424609553696,0.1890521018390528,0.32439093705629135,3.918441679300506e-24,4887
1,z_std_prob,0.9188926064836382,0.7831845300358976,1.0781158077925679,0.2995170268886165,4887
1,last_correct,2.266925894853102,1.2996659301057654,3.9540568800917435,0.003933475768729727,4887
2,z_mean_prob,0.24520883903740284,0.18501381278338405,0.32498857159637395,1.360786722573573e-22,4887
2,z_std_prob,1.0046450585985627,0.8621945825305561,1.1706309854141765,0.9526310960825541,4887
2,last_correct,1.7625437492087679,1.0188672167240074,3.049033688475631,0.042678321887016625,4887
